item_name;description;veg_comment;price;category;comment;size_comment;price_comment;file_name;menu_link;restaurant_name;menu_type;int_id;update_time
MIXED NUTS;;V, N;4;BITES;;;An optional service charge of 12.5% will be added to your bill // Prices are inclusive of VAT.;AdoreRemoMenuSep18.pdf;https://www.adoreremo.co.uk/wp-content/uploads/2016/09/AdoreRemoMenuSep18.pdf;Adore Remo;Main;0;20Nov2018
OLIVES MARINATED WITH HERBS;;V;4;BITES;;;An optional service charge of 12.5% will be added to your bill // Prices are inclusive of VAT.;AdoreRemoMenuSep18.pdf;https://www.adoreremo.co.uk/wp-content/uploads/2016/09/AdoreRemoMenuSep18.pdf;Adore Remo;Main;0;20Nov2018
SOUP OF THE DAY ;;;6;STARTERS;;;An optional service charge of 12.5% will be added to your bill // Prices are inclusive of VAT.;AdoreRemoMenuSep18.pdf;https://www.adoreremo.co.uk/wp-content/uploads/2016/09/AdoreRemoMenuSep18.pdf;Adore Remo;Main;0;05Dec2018
MINI ARANCINI WITH MUSHROOM, TRUFFLE & PUMPKIN DIP;;V;6;STARTERS;;;An optional service charge of 12.5% will be added to your bill // Prices are inclusive of VAT.;AdoreRemoMenuSep18.pdf;https://www.adoreremo.co.uk/wp-content/uploads/2016/09/AdoreRemoMenuSep18.pdf;Adore Remo;Main;0;05Dec2018
CALAMARI RINGS WITH PAPRIKA MAYO;;;7;STARTERS;;;An optional service charge of 12.5% will be added to your bill // Prices are inclusive of VAT.;AdoreRemoMenuSep18.pdf;https://www.adoreremo.co.uk/wp-content/uploads/2016/09/AdoreRemoMenuSep18.pdf;Adore Remo;Main;0;05Dec2018
CAPRESE BURRATA WITH TOMATO, BASIL & PESTO;;V;9;STARTERS;;;An optional service charge of 12.5% will be added to your bill // Prices are inclusive of VAT.;AdoreRemoMenuSep18.pdf;https://www.adoreremo.co.uk/wp-content/uploads/2016/09/AdoreRemoMenuSep18.pdf;Adore Remo;Main;0;05Dec2018
PECORINO TRUFFLE HONEY WITH PANE CARASAU;;V;9;STARTERS;;;An optional service charge of 12.5% will be added to your bill // Prices are inclusive of VAT.;AdoreRemoMenuSep18.pdf;https://www.adoreremo.co.uk/wp-content/uploads/2016/09/AdoreRemoMenuSep18.pdf;Adore Remo;Main;0;05Dec2018
SMOKED TUNA CARPACCIO;;;10;STARTERS;;;An optional service charge of 12.5% will be added to your bill // Prices are inclusive of VAT.;AdoreRemoMenuSep18.pdf;https://www.adoreremo.co.uk/wp-content/uploads/2016/09/AdoreRemoMenuSep18.pdf;Adore Remo;Main;0;05Dec2018
BEEF TARTARE WITH TRUFFLE OIL;;;10;STARTERS;;;An optional service charge of 12.5% will be added to your bill // Prices are inclusive of VAT.;AdoreRemoMenuSep18.pdf;https://www.adoreremo.co.uk/wp-content/uploads/2016/09/AdoreRemoMenuSep18.pdf;Adore Remo;Main;0;05Dec2018
MOZZARELLA & PROSCIUTTO;;;10;STARTERS;;;An optional service charge of 12.5% will be added to your bill // Prices are inclusive of VAT.;AdoreRemoMenuSep18.pdf;https://www.adoreremo.co.uk/wp-content/uploads/2016/09/AdoreRemoMenuSep18.pdf;Adore Remo;Main;0;05Dec2018
RIGATONI AL POMODORO WITH TOMATO;;;9;PASTA;;;An optional service charge of 12.5% will be added to your bill // Prices are inclusive of VAT.;AdoreRemoMenuSep18.pdf;https://www.adoreremo.co.uk/wp-content/uploads/2016/09/AdoreRemoMenuSep18.pdf;Adore Remo;Main;0;05Dec2018
PENNE PRIMAVERA WITH TOMATO, ZUCCHINI, PEAS & MINT;;VE;10;PASTA;;;An optional service charge of 12.5% will be added to your bill // Prices are inclusive of VAT.;AdoreRemoMenuSep18.pdf;https://www.adoreremo.co.uk/wp-content/uploads/2016/09/AdoreRemoMenuSep18.pdf;Adore Remo;Main;0;20Nov2018
TAGLIATELLE WITH REMO’S BOLOGNESE SAUCE;;;13;PASTA;;;An optional service charge of 12.5% will be added to your bill // Prices are inclusive of VAT.;AdoreRemoMenuSep18.pdf;https://www.adoreremo.co.uk/wp-content/uploads/2016/09/AdoreRemoMenuSep18.pdf;Adore Remo;Main;0;20Nov2018
SPAGHETTI CARBONARA WITH PANCETTA HAM, EGG & CREAM;;;13;PASTA;;;An optional service charge of 12.5% will be added to your bill // Prices are inclusive of VAT.;AdoreRemoMenuSep18.pdf;https://www.adoreremo.co.uk/wp-content/uploads/2016/09/AdoreRemoMenuSep18.pdf;Adore Remo;Main;0;20Nov2018
LASAGNA WITH BOLOGNESE SAUCE & MOZZARELLA;;;13;PASTA;;;An optional service charge of 12.5% will be added to your bill // Prices are inclusive of VAT.;AdoreRemoMenuSep18.pdf;https://www.adoreremo.co.uk/wp-content/uploads/2016/09/AdoreRemoMenuSep18.pdf;Adore Remo;Main;0;20Nov2018
ORECCHIETTE WITH SWORDFISH, VINE TOMATOES & OLIVES;;;13;PASTA;;;An optional service charge of 12.5% will be added to your bill // Prices are inclusive of VAT.;AdoreRemoMenuSep18.pdf;https://www.adoreremo.co.uk/wp-content/uploads/2016/09/AdoreRemoMenuSep18.pdf;Adore Remo;Main;0;20Nov2018
RISOTTO WITH TALEGGIO & CRISPY SPECK SMOKED HAM;;V, N;13;PASTA;;;An optional service charge of 12.5% will be added to your bill // Prices are inclusive of VAT.;AdoreRemoMenuSep18.pdf;https://www.adoreremo.co.uk/wp-content/uploads/2016/09/AdoreRemoMenuSep18.pdf;Adore Remo;Main;0;20Nov2018
GNOCCHI WITH GORGONZOLA, RADICCHIO, & WALNUTS;;V, N;14;PASTA;;;An optional service charge of 12.5% will be added to your bill // Prices are inclusive of VAT.;AdoreRemoMenuSep18.pdf;https://www.adoreremo.co.uk/wp-content/uploads/2016/09/AdoreRemoMenuSep18.pdf;Adore Remo;Main;0;20Nov2018
PACCHERI WITH SPICY ‘NDUJA SALAMI, BROCCOLI & BURRATA;;;15;PASTA;;;An optional service charge of 12.5% will be added to your bill // Prices are inclusive of VAT.;AdoreRemoMenuSep18.pdf;https://www.adoreremo.co.uk/wp-content/uploads/2016/09/AdoreRemoMenuSep18.pdf;Adore Remo;Main;0;20Nov2018
SCIALATIELLI WITH MUSSELS, CLAMS, PRAWNS, CALAMARI, TOMATOES;;;17;PASTA;;;An optional service charge of 12.5% will be added to your bill // Prices are inclusive of VAT.;AdoreRemoMenuSep18.pdf;https://www.adoreremo.co.uk/wp-content/uploads/2016/09/AdoreRemoMenuSep18.pdf;Adore Remo;Main;0;20Nov2018
MACCHERONI WITH ASPARAGUS, TRUFFLE & PARMESAN CREAM;;V;17;PASTA;;;An optional service charge of 12.5% will be added to your bill // Prices are inclusive of VAT.;AdoreRemoMenuSep18.pdf;https://www.adoreremo.co.uk/wp-content/uploads/2016/09/AdoreRemoMenuSep18.pdf;Adore Remo;Main;0;20Nov2018
ANTIPASTO PARMA HAM & SELECTION OF ITALIAN CURED MEATS;;;24;BOARDS;;;An optional service charge of 12.5% will be added to your bill // Prices are inclusive of VAT.;AdoreRemoMenuSep18.pdf;https://www.adoreremo.co.uk/wp-content/uploads/2016/09/AdoreRemoMenuSep18.pdf;Adore Remo;Main;0;20Nov2018
FRITTO CALAMARI RINGS, PRAWNS, COD, ZUCCHINI CHIPS;;;27;BOARDS;;;An optional service charge of 12.5% will be added to your bill // Prices are inclusive of VAT.;AdoreRemoMenuSep18.pdf;https://www.adoreremo.co.uk/wp-content/uploads/2016/09/AdoreRemoMenuSep18.pdf;Adore Remo;Main;0;20Nov2018
FORMAGGIO SELECTION OF ITALIAN CHEESES;;V;27;BOARDS;;;An optional service charge of 12.5% will be added to your bill // Prices are inclusive of VAT.;AdoreRemoMenuSep18.pdf;https://www.adoreremo.co.uk/wp-content/uploads/2016/09/AdoreRemoMenuSep18.pdf;Adore Remo;Main;0;20Nov2018
REMO ARANCINI BURRATA, PARMESAN ZUCC CHIPS, CALAMARI, PARMA HAM;;;29;BOARDS;;;An optional service charge of 12.5% will be added to your bill // Prices are inclusive of VAT.;AdoreRemoMenuSep18.pdf;https://www.adoreremo.co.uk/wp-content/uploads/2016/09/AdoreRemoMenuSep18.pdf;Adore Remo;Main;0;20Nov2018
BUTTERNUTSQUASH, QUINOA, AVOCADO, PUY LENTILS, HAZELNUTS, DRESSING;;VE;12;SALADS & VEG;;;An optional service charge of 12.5% will be added to your bill // Prices are inclusive of VAT.;AdoreRemoMenuSep18.pdf;https://www.adoreremo.co.uk/wp-content/uploads/2016/09/AdoreRemoMenuSep18.pdf;Adore Remo;Main;0;20Nov2018
PARMIGIANA LAYERED AUGERGINES, MOZZARELLA, TOMATO, PARMESAN;;V;14;SALADS & VEG;;;An optional service charge of 12.5% will be added to your bill // Prices are inclusive of VAT.;AdoreRemoMenuSep18.pdf;https://www.adoreremo.co.uk/wp-content/uploads/2016/09/AdoreRemoMenuSep18.pdf;Adore Remo;Main;0;20Nov2018
SMOKED SALMON SALMON, RADISH, CAPERS, AVOCADO DRESSING;;;14;SALADS & VEG;;;An optional service charge of 12.5% will be added to your bill // Prices are inclusive of VAT.;AdoreRemoMenuSep18.pdf;https://www.adoreremo.co.uk/wp-content/uploads/2016/09/AdoreRemoMenuSep18.pdf;Adore Remo;Main;0;20Nov2018
SALAD OF THE DAY;;;12;SALADS & VEG;;;An optional service charge of 12.5% will be added to your bill // Prices are inclusive of VAT.;AdoreRemoMenuSep18.pdf;https://www.adoreremo.co.uk/wp-content/uploads/2016/09/AdoreRemoMenuSep18.pdf;Adore Remo;Main;0;20Nov2018
CHICKEN BREAST WITH SPRING SALAD;;;16;THE GRILL;;;An optional service charge of 12.5% will be added to your bill // Prices are inclusive of VAT.;AdoreRemoMenuSep18.pdf;https://www.adoreremo.co.uk/wp-content/uploads/2016/09/AdoreRemoMenuSep18.pdf;Adore Remo;Main;0;20Nov2018
PAN-FRIED SEABASS FILLET WITH SEASONAL VEGETABLES;;;17;THE GRILL;;;An optional service charge of 12.5% will be added to your bill // Prices are inclusive of VAT.;AdoreRemoMenuSep18.pdf;https://www.adoreremo.co.uk/wp-content/uploads/2016/09/AdoreRemoMenuSep18.pdf;Adore Remo;Main;0;20Nov2018
LAMB CUTLETS WITH ROAST POTATOES GRAVY &  GREEN SAUCE;;;19;THE GRILL;;;An optional service charge of 12.5% will be added to your bill // Prices are inclusive of VAT.;AdoreRemoMenuSep18.pdf;https://www.adoreremo.co.uk/wp-content/uploads/2016/09/AdoreRemoMenuSep18.pdf;Adore Remo;Main;0;20Nov2018
SPADA SWORDFISH WITH SICILIAN CAPONATA VEGETABLES;;;19;THE GRILL;;;An optional service charge of 12.5% will be added to your bill // Prices are inclusive of VAT.;AdoreRemoMenuSep18.pdf;https://www.adoreremo.co.uk/wp-content/uploads/2016/09/AdoreRemoMenuSep18.pdf;Adore Remo;Main;0;20Nov2018
TAGLIATA STEAK WITH PARMESAN & VINE TOMATOES;;;23;THE GRILL;;;An optional service charge of 12.5% will be added to your bill // Prices are inclusive of VAT.;AdoreRemoMenuSep18.pdf;https://www.adoreremo.co.uk/wp-content/uploads/2016/09/AdoreRemoMenuSep18.pdf;Adore Remo;Main;0;20Nov2018
SIRLOIN WITH ASPARAGUS & TRUFFLE SAUCE;;;28;THE GRILL;;;An optional service charge of 12.5% will be added to your bill // Prices are inclusive of VAT.;AdoreRemoMenuSep18.pdf;https://www.adoreremo.co.uk/wp-content/uploads/2016/09/AdoreRemoMenuSep18.pdf;Adore Remo;Main;0;20Nov2018
ROCKET SALAD;;VE;4;SIDES;;;An optional service charge of 12.5% will be added to your bill // Prices are inclusive of VAT.;AdoreRemoMenuSep18.pdf;https://www.adoreremo.co.uk/wp-content/uploads/2016/09/AdoreRemoMenuSep18.pdf;Adore Remo;Main;0;20Nov2018
ROAST NEW POTATOES;;VE;4;SIDES;;;An optional service charge of 12.5% will be added to your bill // Prices are inclusive of VAT.;AdoreRemoMenuSep18.pdf;https://www.adoreremo.co.uk/wp-content/uploads/2016/09/AdoreRemoMenuSep18.pdf;Adore Remo;Main;0;20Nov2018
SEASONAL GREENS;;VE;4;SIDES;;;An optional service charge of 12.5% will be added to your bill // Prices are inclusive of VAT.;AdoreRemoMenuSep18.pdf;https://www.adoreremo.co.uk/wp-content/uploads/2016/09/AdoreRemoMenuSep18.pdf;Adore Remo;Main;0;20Nov2018
PARMESAN ZUCCHINI CHIPS;;VE;4;SIDES;;;An optional service charge of 12.5% will be added to your bill // Prices are inclusive of VAT.;AdoreRemoMenuSep18.pdf;https://www.adoreremo.co.uk/wp-content/uploads/2016/09/AdoreRemoMenuSep18.pdf;Adore Remo;Main;0;20Nov2018
BEEF TOMATO SALAD;;VE;4;SIDES;;;An optional service charge of 12.5% will be added to your bill // Prices are inclusive of VAT.;AdoreRemoMenuSep18.pdf;https://www.adoreremo.co.uk/wp-content/uploads/2016/09/AdoreRemoMenuSep18.pdf;Adore Remo;Main;0;20Nov2018
MIXED LEAF SALAD;;VE;4;SIDES;;;An optional service charge of 12.5% will be added to your bill // Prices are inclusive of VAT.;AdoreRemoMenuSep18.pdf;https://www.adoreremo.co.uk/wp-content/uploads/2016/09/AdoreRemoMenuSep18.pdf;Adore Remo;Main;0;20Nov2018
REGINA TOMATO, MOZZARELLA & FRESH BASIL;;V;9;PIZZA;CLASSIC PIZZAS ALSO AVAILABLE: QUATTRO STAGIONI, CAPRICCIOSA, CAMPAGNOLA, NAPOLETANA, MARINANA;EXTRA TOPPING FROM 0.5 TO 4.5;An optional service charge of 12.5% will be added to your bill // Prices are inclusive of VAT.;AdoreRemoMenuSep18.pdf;https://www.adoreremo.co.uk/wp-content/uploads/2016/09/AdoreRemoMenuSep18.pdf;Adore Remo;Main;0;20Nov2018
BUFFALO MARGHERITA TOMATO, BUFFALO MOZZARELLA & FRESH BASIL;;V;11;PIZZA;CLASSIC PIZZAS ALSO AVAILABLE: QUATTRO STAGIONI, CAPRICCIOSA, CAMPAGNOLA, NAPOLETANA, MARINANA;EXTRA TOPPING FROM 0.5 TO 4.5;An optional service charge of 12.5% will be added to your bill // Prices are inclusive of VAT.;AdoreRemoMenuSep18.pdf;https://www.adoreremo.co.uk/wp-content/uploads/2016/09/AdoreRemoMenuSep18.pdf;Adore Remo;Main;0;20Nov2018
LA VEGANA TOMATO SAUCE, MIXED SEASONAL VEGETABLES;;VE;12;PIZZA;CLASSIC PIZZAS ALSO AVAILABLE: QUATTRO STAGIONI, CAPRICCIOSA, CAMPAGNOLA, NAPOLETANA, MARINANA;EXTRA TOPPING FROM 0.5 TO 4.5;An optional service charge of 12.5% will be added to your bill // Prices are inclusive of VAT.;AdoreRemoMenuSep18.pdf;https://www.adoreremo.co.uk/wp-content/uploads/2016/09/AdoreRemoMenuSep18.pdf;Adore Remo;Main;0;20Nov2018
CALZONE FOLDED PIZZA SMOKED MOZZARELLA, SAUSAGE, MUSHROOMS;;;14;PIZZA;CLASSIC PIZZAS ALSO AVAILABLE: QUATTRO STAGIONI, CAPRICCIOSA, CAMPAGNOLA, NAPOLETANA, MARINANA;EXTRA TOPPING FROM 0.5 TO 4.5;An optional service charge of 12.5% will be added to your bill // Prices are inclusive of VAT.;AdoreRemoMenuSep18.pdf;https://www.adoreremo.co.uk/wp-content/uploads/2016/09/AdoreRemoMenuSep18.pdf;Adore Remo;Main;0;20Nov2018
DIAVOLA TOMATO, MOZZARELLA, SPICY ‘NDUJA, SALAMI, PEPPERS, CHILLI;;;14;PIZZA;CLASSIC PIZZAS ALSO AVAILABLE: QUATTRO STAGIONI, CAPRICCIOSA, CAMPAGNOLA, NAPOLETANA, MARINANA;EXTRA TOPPING FROM 0.5 TO 4.5;An optional service charge of 12.5% will be added to your bill // Prices are inclusive of VAT.;AdoreRemoMenuSep18.pdf;https://www.adoreremo.co.uk/wp-content/uploads/2016/09/AdoreRemoMenuSep18.pdf;Adore Remo;Main;0;20Nov2018
VENTRICINA PROVOLONE, MOZZARELLA THINLY SLICED SPICY SALAMI;;;15;PIZZA;CLASSIC PIZZAS ALSO AVAILABLE: QUATTRO STAGIONI, CAPRICCIOSA, CAMPAGNOLA, NAPOLETANA, MARINANA;EXTRA TOPPING FROM 0.5 TO 4.5;An optional service charge of 12.5% will be added to your bill // Prices are inclusive of VAT.;AdoreRemoMenuSep18.pdf;https://www.adoreremo.co.uk/wp-content/uploads/2016/09/AdoreRemoMenuSep18.pdf;Adore Remo;Main;0;20Nov2018
BURRATA CHERRY TOMATO, ROCKET & PESTO;;V;15;PIZZA;CLASSIC PIZZAS ALSO AVAILABLE: QUATTRO STAGIONI, CAPRICCIOSA, CAMPAGNOLA, NAPOLETANA, MARINANA;EXTRA TOPPING FROM 0.5 TO 4.5;An optional service charge of 12.5% will be added to your bill // Prices are inclusive of VAT.;AdoreRemoMenuSep18.pdf;https://www.adoreremo.co.uk/wp-content/uploads/2016/09/AdoreRemoMenuSep18.pdf;Adore Remo;Main;0;20Nov2018
PROSCIUTTO DI PARMA PARMA HAM, MOZZARELLA, TOMATO, ROCKET, PARMESAN;;;15;PIZZA;CLASSIC PIZZAS ALSO AVAILABLE: QUATTRO STAGIONI, CAPRICCIOSA, CAMPAGNOLA, NAPOLETANA, MARINANA;EXTRA TOPPING FROM 0.5 TO 4.5;An optional service charge of 12.5% will be added to your bill // Prices are inclusive of VAT.;AdoreRemoMenuSep18.pdf;https://www.adoreremo.co.uk/wp-content/uploads/2016/09/AdoreRemoMenuSep18.pdf;Adore Remo;Main;0;20Nov2018
SAUSAGE BROCCOLI BURRATA MOZZARELLA, TOMATO;;;15;PIZZA;CLASSIC PIZZAS ALSO AVAILABLE: QUATTRO STAGIONI, CAPRICCIOSA, CAMPAGNOLA, NAPOLETANA, MARINANA;EXTRA TOPPING FROM 0.5 TO 4.5;An optional service charge of 12.5% will be added to your bill // Prices are inclusive of VAT.;AdoreRemoMenuSep18.pdf;https://www.adoreremo.co.uk/wp-content/uploads/2016/09/AdoreRemoMenuSep18.pdf;Adore Remo;Main;0;20Nov2018
PORCINI MOZZARELLA, PORCNIN MUSHROOM, TRUFFLE PASTE;;V;16;PIZZA;CLASSIC PIZZAS ALSO AVAILABLE: QUATTRO STAGIONI, CAPRICCIOSA, CAMPAGNOLA, NAPOLETANA, MARINANA;EXTRA TOPPING FROM 0.5 TO 4.5;An optional service charge of 12.5% will be added to your bill // Prices are inclusive of VAT.;AdoreRemoMenuSep18.pdf;https://www.adoreremo.co.uk/wp-content/uploads/2016/09/AdoreRemoMenuSep18.pdf;Adore Remo;Main;0;20Nov2018
CARNE MOZZARELLA, TOMATO, SAUSAGE, CHICKEN, SALAMI, HAM;;;16;PIZZA;CLASSIC PIZZAS ALSO AVAILABLE: QUATTRO STAGIONI, CAPRICCIOSA, CAMPAGNOLA, NAPOLETANA, MARINANA;EXTRA TOPPING FROM 0.5 TO 4.5;An optional service charge of 12.5% will be added to your bill // Prices are inclusive of VAT.;AdoreRemoMenuSep18.pdf;https://www.adoreremo.co.uk/wp-content/uploads/2016/09/AdoreRemoMenuSep18.pdf;Adore Remo;Main;0;20Nov2018
PANNA COTTA AL BASILICO;panna cotta made with basil and served with strawberry topping;;6;DESSERTS;;;An optional service charge of 12.5% will be added to your bill // Prices are inclusive of VAT.;Dessert-NEW-9-oct-1.pdf;https://www.adoreremo.co.uk/wp-content/uploads/2018/02/Dessert-NEW-9-oct-1.pdf;Adore Remo;DESSERTS;0;20Nov2018
NUTELLA CHEESECAKE;made with hazelnuts and hazelnut cream ;;7;DESSERTS;;;An optional service charge of 12.5% will be added to your bill // Prices are inclusive of VAT.;Dessert-NEW-9-oct-1.pdf;https://www.adoreremo.co.uk/wp-content/uploads/2018/02/Dessert-NEW-9-oct-1.pdf;Adore Remo;DESSERTS;0;20Nov2018
CANNOLO SICILIANO;cannolo tubes filled with sicilian ricotta, pistachio nuts & chocolate pieces;;7;DESSERTS;;;An optional service charge of 12.5% will be added to your bill // Prices are inclusive of VAT.;Dessert-NEW-9-oct-1.pdf;https://www.adoreremo.co.uk/wp-content/uploads/2018/02/Dessert-NEW-9-oct-1.pdf;Adore Remo;DESSERTS;0;20Nov2018
SEMIFREDDO ARANCIA CIOCCOLATO & WHISKY;Italian semifreddo made with orange, chocolate & whisky;;8;DESSERTS;;;An optional service charge of 12.5% will be added to your bill // Prices are inclusive of VAT.;Dessert-NEW-9-oct-1.pdf;https://www.adoreremo.co.uk/wp-content/uploads/2018/02/Dessert-NEW-9-oct-1.pdf;Adore Remo;DESSERTS;0;20Nov2018
TIRAMISU;homemade Italian tiramis? containing coffee and mascarpone;;6;DESSERTS;;;An optional service charge of 12.5% will be added to your bill // Prices are inclusive of VAT.;Dessert-NEW-9-oct-1.pdf;https://www.adoreremo.co.uk/wp-content/uploads/2018/02/Dessert-NEW-9-oct-1.pdf;Adore Remo;DESSERTS;0;20Nov2018
PECORINO & TRUFFLE HONEY;pecorino cheese served with mixed nuts & pane Carasau Sardinian thin crispy bread;;9,5;DESSERTS;;;An optional service charge of 12.5% will be added to your bill // Prices are inclusive of VAT.;Dessert-NEW-9-oct-1.pdf;https://www.adoreremo.co.uk/wp-content/uploads/2018/02/Dessert-NEW-9-oct-1.pdf;Adore Remo;DESSERTS;0;20Nov2018
ICE CREAM & SORBET;Vanilla di Madagascar, Pistachio di Bronte, Chocolate, Hazelnut, Strawberries & cream, Cookies & cream (Oreo), Lemon sorbet, Raspberry sorbet;;4;DESSERTS;EXTRA SCOOP  1,5;ANY 2;An optional service charge of 12.5% will be added to your bill // Prices are inclusive of VAT.;Dessert-NEW-9-oct-1.pdf;https://www.adoreremo.co.uk/wp-content/uploads/2018/02/Dessert-NEW-9-oct-1.pdf;Adore Remo;DESSERTS;0;20Nov2018
AFFOGATO AL CAFFE;Madagascar vanilla ice cream covered with an espresso shot & amaretto biscuit crumbs;;4;DESSERTS;;;An optional service charge of 12.5% will be added to your bill // Prices are inclusive of VAT.;Dessert-NEW-9-oct-1.pdf;https://www.adoreremo.co.uk/wp-content/uploads/2018/02/Dessert-NEW-9-oct-1.pdf;Adore Remo;DESSERTS;0;20Nov2018
KEY LIME PIE;Eristoff vanilla, Licor 43, fresh key lime, milk, cream & crumbled biscuits;;9;DESSERT COCKTAILS;;All spirits and liqueurs are served in 50ml measures unless otherwise stated.;An optional service charge of 12.5% will be added to your bill // Prices are inclusive of VAT.;Dessert-NEW-9-oct-1.pdf;https://www.adoreremo.co.uk/wp-content/uploads/2018/02/Dessert-NEW-9-oct-1.pdf;Adore Remo;DESSERTS;0;20Nov2018
ESPRESSO MARTINI;Eristoff vodka, kahlua, creme de cacao & espresso coffee;;9;DESSERT COCKTAILS;;All spirits and liqueurs are served in 50ml measures unless otherwise stated.;An optional service charge of 12.5% will be added to your bill // Prices are inclusive of VAT.;Dessert-NEW-9-oct-1.pdf;https://www.adoreremo.co.uk/wp-content/uploads/2018/02/Dessert-NEW-9-oct-1.pdf;Adore Remo;DESSERTS;0;20Nov2018
TIRAMISU MARTINI;Brandy, kahlua, creme de cacao & double cream;;9;DESSERT COCKTAILS;;All spirits and liqueurs are served in 50ml measures unless otherwise stated.;An optional service charge of 12.5% will be added to your bill // Prices are inclusive of VAT.;Dessert-NEW-9-oct-1.pdf;https://www.adoreremo.co.uk/wp-content/uploads/2018/02/Dessert-NEW-9-oct-1.pdf;Adore Remo;DESSERTS;0;20Nov2018
CHOCOLATE ORANGE;Chocolate, cointreau & frangelico;;9;DESSERT COCKTAILS;;All spirits and liqueurs are served in 50ml measures unless otherwise stated.;An optional service charge of 12.5% will be added to your bill // Prices are inclusive of VAT.;Dessert-NEW-9-oct-1.pdf;https://www.adoreremo.co.uk/wp-content/uploads/2018/02/Dessert-NEW-9-oct-1.pdf;Adore Remo;DESSERTS;0;20Nov2018
FANTASIA;Baileys, frangelico & grappa;;9;DESSERT COCKTAILS;;All spirits and liqueurs are served in 50ml measures unless otherwise stated.;An optional service charge of 12.5% will be added to your bill // Prices are inclusive of VAT.;Dessert-NEW-9-oct-1.pdf;https://www.adoreremo.co.uk/wp-content/uploads/2018/02/Dessert-NEW-9-oct-1.pdf;Adore Remo;DESSERTS;0;20Nov2018
MOSCATO PASSITO;;;5,5;SWEET WINES;;All spirits and liqueurs are served in 50ml measures unless otherwise stated.;An optional service charge of 12.5% will be added to your bill // Prices are inclusive of VAT.;Dessert-NEW-9-oct-1.pdf;https://www.adoreremo.co.uk/wp-content/uploads/2018/02/Dessert-NEW-9-oct-1.pdf;Adore Remo;DESSERTS;0;20Nov2018
TOKAJI ASZU;;;10;SWEET WINES;;All spirits and liqueurs are served in 50ml measures unless otherwise stated.;An optional service charge of 12.5% will be added to your bill // Prices are inclusive of VAT.;Dessert-NEW-9-oct-1.pdf;https://www.adoreremo.co.uk/wp-content/uploads/2018/02/Dessert-NEW-9-oct-1.pdf;Adore Remo;DESSERTS;0;20Nov2018
TAYLOR’S PORT;;;7;SWEET WINES;;All spirits and liqueurs are served in 50ml measures unless otherwise stated.;An optional service charge of 12.5% will be added to your bill // Prices are inclusive of VAT.;Dessert-NEW-9-oct-1.pdf;https://www.adoreremo.co.uk/wp-content/uploads/2018/02/Dessert-NEW-9-oct-1.pdf;Adore Remo;DESSERTS;0;20Nov2018
AMARETTO;;;5;DIGESTIVE;;All spirits and liqueurs are served in 50ml measures unless otherwise stated.;An optional service charge of 12.5% will be added to your bill // Prices are inclusive of VAT.;Dessert-NEW-9-oct-1.pdf;https://www.adoreremo.co.uk/wp-content/uploads/2018/02/Dessert-NEW-9-oct-1.pdf;Adore Remo;DESSERTS;0;20Nov2018
AVERNA;;;6;DIGESTIVE;;All spirits and liqueurs are served in 50ml measures unless otherwise stated.;An optional service charge of 12.5% will be added to your bill // Prices are inclusive of VAT.;Dessert-NEW-9-oct-1.pdf;https://www.adoreremo.co.uk/wp-content/uploads/2018/02/Dessert-NEW-9-oct-1.pdf;Adore Remo;DESSERTS;0;20Nov2018
BAILEY’S;;;5;DIGESTIVE;;All spirits and liqueurs are served in 50ml measures unless otherwise stated.;An optional service charge of 12.5% will be added to your bill // Prices are inclusive of VAT.;Dessert-NEW-9-oct-1.pdf;https://www.adoreremo.co.uk/wp-content/uploads/2018/02/Dessert-NEW-9-oct-1.pdf;Adore Remo;DESSERTS;0;20Nov2018
COINTREAU;;;6;DIGESTIVE;;All spirits and liqueurs are served in 50ml measures unless otherwise stated.;An optional service charge of 12.5% will be added to your bill // Prices are inclusive of VAT.;Dessert-NEW-9-oct-1.pdf;https://www.adoreremo.co.uk/wp-content/uploads/2018/02/Dessert-NEW-9-oct-1.pdf;Adore Remo;DESSERTS;0;20Nov2018
DRAMBUIE;;;7;DIGESTIVE;;All spirits and liqueurs are served in 50ml measures unless otherwise stated.;An optional service charge of 12.5% will be added to your bill // Prices are inclusive of VAT.;Dessert-NEW-9-oct-1.pdf;https://www.adoreremo.co.uk/wp-content/uploads/2018/02/Dessert-NEW-9-oct-1.pdf;Adore Remo;DESSERTS;0;20Nov2018
FERNET BRANCA;;;6;DIGESTIVE;;All spirits and liqueurs are served in 50ml measures unless otherwise stated.;An optional service charge of 12.5% will be added to your bill // Prices are inclusive of VAT.;Dessert-NEW-9-oct-1.pdf;https://www.adoreremo.co.uk/wp-content/uploads/2018/02/Dessert-NEW-9-oct-1.pdf;Adore Remo;DESSERTS;0;20Nov2018
FRANGELICO;;;5;DIGESTIVE;;All spirits and liqueurs are served in 50ml measures unless otherwise stated.;An optional service charge of 12.5% will be added to your bill // Prices are inclusive of VAT.;Dessert-NEW-9-oct-1.pdf;https://www.adoreremo.co.uk/wp-content/uploads/2018/02/Dessert-NEW-9-oct-1.pdf;Adore Remo;DESSERTS;0;20Nov2018
GRAPPA TOSOLINI;;;7;DIGESTIVE;;All spirits and liqueurs are served in 50ml measures unless otherwise stated.;An optional service charge of 12.5% will be added to your bill // Prices are inclusive of VAT.;Dessert-NEW-9-oct-1.pdf;https://www.adoreremo.co.uk/wp-content/uploads/2018/02/Dessert-NEW-9-oct-1.pdf;Adore Remo;DESSERTS;0;20Nov2018
GRAPPA BRENTE;;;7;DIGESTIVE;;All spirits and liqueurs are served in 50ml measures unless otherwise stated.;An optional service charge of 12.5% will be added to your bill // Prices are inclusive of VAT.;Dessert-NEW-9-oct-1.pdf;https://www.adoreremo.co.uk/wp-content/uploads/2018/02/Dessert-NEW-9-oct-1.pdf;Adore Remo;DESSERTS;0;20Nov2018
JAGERMEISTER;;;6;DIGESTIVE;;All spirits and liqueurs are served in 50ml measures unless otherwise stated.;An optional service charge of 12.5% will be added to your bill // Prices are inclusive of VAT.;Dessert-NEW-9-oct-1.pdf;https://www.adoreremo.co.uk/wp-content/uploads/2018/02/Dessert-NEW-9-oct-1.pdf;Adore Remo;DESSERTS;0;20Nov2018
LIMONCELLO;;;5;DIGESTIVE;;All spirits and liqueurs are served in 50ml measures unless otherwise stated.;An optional service charge of 12.5% will be added to your bill // Prices are inclusive of VAT.;Dessert-NEW-9-oct-1.pdf;https://www.adoreremo.co.uk/wp-content/uploads/2018/02/Dessert-NEW-9-oct-1.pdf;Adore Remo;DESSERTS;0;20Nov2018
MONTENEGRO;;;6;DIGESTIVE;;All spirits and liqueurs are served in 50ml measures unless otherwise stated.;An optional service charge of 12.5% will be added to your bill // Prices are inclusive of VAT.;Dessert-NEW-9-oct-1.pdf;https://www.adoreremo.co.uk/wp-content/uploads/2018/02/Dessert-NEW-9-oct-1.pdf;Adore Remo;DESSERTS;0;20Nov2018
RAMAZZOTTI;;;7;DIGESTIVE;;All spirits and liqueurs are served in 50ml measures unless otherwise stated.;An optional service charge of 12.5% will be added to your bill // Prices are inclusive of VAT.;Dessert-NEW-9-oct-1.pdf;https://www.adoreremo.co.uk/wp-content/uploads/2018/02/Dessert-NEW-9-oct-1.pdf;Adore Remo;DESSERTS;0;20Nov2018
SAMBUCA;;;5;DIGESTIVE;;All spirits and liqueurs are served in 50ml measures unless otherwise stated.;An optional service charge of 12.5% will be added to your bill // Prices are inclusive of VAT.;Dessert-NEW-9-oct-1.pdf;https://www.adoreremo.co.uk/wp-content/uploads/2018/02/Dessert-NEW-9-oct-1.pdf;Adore Remo;DESSERTS;0;20Nov2018
TIA MARIA;;;6;DIGESTIVE;;All spirits and liqueurs are served in 50ml measures unless otherwise stated.;An optional service charge of 12.5% will be added to your bill // Prices are inclusive of VAT.;Dessert-NEW-9-oct-1.pdf;https://www.adoreremo.co.uk/wp-content/uploads/2018/02/Dessert-NEW-9-oct-1.pdf;Adore Remo;DESSERTS;0;20Nov2018
ESPRESSO;;;2;CAFF?;Skimmed, almond, soy & lactose-free + 1;;An optional service charge of 12.5% will be added to your bill // Prices are inclusive of VAT.;Dessert-NEW-9-oct-1.pdf;https://www.adoreremo.co.uk/wp-content/uploads/2018/02/Dessert-NEW-9-oct-1.pdf;Adore Remo;DESSERTS;0;20Nov2018
ESPRESSO MACCHIATO;;;2,2;CAFF?;Skimmed, almond, soy & lactose-free + 1;;An optional service charge of 12.5% will be added to your bill // Prices are inclusive of VAT.;Dessert-NEW-9-oct-1.pdf;https://www.adoreremo.co.uk/wp-content/uploads/2018/02/Dessert-NEW-9-oct-1.pdf;Adore Remo;DESSERTS;0;20Nov2018
DBL ESPRESSO;;;2,5;CAFF?;Skimmed, almond, soy & lactose-free + 1;;An optional service charge of 12.5% will be added to your bill // Prices are inclusive of VAT.;Dessert-NEW-9-oct-1.pdf;https://www.adoreremo.co.uk/wp-content/uploads/2018/02/Dessert-NEW-9-oct-1.pdf;Adore Remo;DESSERTS;0;20Nov2018
DBL ESPRESSO MACCHIATO;;;2,7;CAFF?;Skimmed, almond, soy & lactose-free + 1;;An optional service charge of 12.5% will be added to your bill // Prices are inclusive of VAT.;Dessert-NEW-9-oct-1.pdf;https://www.adoreremo.co.uk/wp-content/uploads/2018/02/Dessert-NEW-9-oct-1.pdf;Adore Remo;DESSERTS;0;20Nov2018
ESPRESSO CORRETTO;;;4,5;CAFF?;Skimmed, almond, soy & lactose-free + 1;;An optional service charge of 12.5% will be added to your bill // Prices are inclusive of VAT.;Dessert-NEW-9-oct-1.pdf;https://www.adoreremo.co.uk/wp-content/uploads/2018/02/Dessert-NEW-9-oct-1.pdf;Adore Remo;DESSERTS;0;20Nov2018
AMERICANO;;;2,5;CAFF?;Skimmed, almond, soy & lactose-free + 1;;An optional service charge of 12.5% will be added to your bill // Prices are inclusive of VAT.;Dessert-NEW-9-oct-1.pdf;https://www.adoreremo.co.uk/wp-content/uploads/2018/02/Dessert-NEW-9-oct-1.pdf;Adore Remo;DESSERTS;0;20Nov2018
CAPPUCCINO;;;3;CAFF?;Skimmed, almond, soy & lactose-free + 1;;An optional service charge of 12.5% will be added to your bill // Prices are inclusive of VAT.;Dessert-NEW-9-oct-1.pdf;https://www.adoreremo.co.uk/wp-content/uploads/2018/02/Dessert-NEW-9-oct-1.pdf;Adore Remo;DESSERTS;0;20Nov2018
MOCHA;;;3;CAFF?;Skimmed, almond, soy & lactose-free + 1;;An optional service charge of 12.5% will be added to your bill // Prices are inclusive of VAT.;Dessert-NEW-9-oct-1.pdf;https://www.adoreremo.co.uk/wp-content/uploads/2018/02/Dessert-NEW-9-oct-1.pdf;Adore Remo;DESSERTS;0;20Nov2018
LATTE;;;3;CAFF?;Skimmed, almond, soy & lactose-free + 1;;An optional service charge of 12.5% will be added to your bill // Prices are inclusive of VAT.;Dessert-NEW-9-oct-1.pdf;https://www.adoreremo.co.uk/wp-content/uploads/2018/02/Dessert-NEW-9-oct-1.pdf;Adore Remo;DESSERTS;0;20Nov2018
FLAT WHITE;;;3;CAFF?;Skimmed, almond, soy & lactose-free + 1;;An optional service charge of 12.5% will be added to your bill // Prices are inclusive of VAT.;Dessert-NEW-9-oct-1.pdf;https://www.adoreremo.co.uk/wp-content/uploads/2018/02/Dessert-NEW-9-oct-1.pdf;Adore Remo;DESSERTS;0;20Nov2018
HOT CHOCOLATE;;;3;CAFF?;Skimmed, almond, soy & lactose-free + 1;;An optional service charge of 12.5% will be added to your bill // Prices are inclusive of VAT.;Dessert-NEW-9-oct-1.pdf;https://www.adoreremo.co.uk/wp-content/uploads/2018/02/Dessert-NEW-9-oct-1.pdf;Adore Remo;DESSERTS;0;20Nov2018
LIQUEUR COFFEE;;;7;CAFF?;Skimmed, almond, soy & lactose-free + 1;;An optional service charge of 12.5% will be added to your bill // Prices are inclusive of VAT.;Dessert-NEW-9-oct-1.pdf;https://www.adoreremo.co.uk/wp-content/uploads/2018/02/Dessert-NEW-9-oct-1.pdf;Adore Remo;DESSERTS;0;20Nov2018
ENGLISH BREAKFAST;;;2,3;TEA;;;An optional service charge of 12.5% will be added to your bill // Prices are inclusive of VAT.;Dessert-NEW-9-oct-1.pdf;https://www.adoreremo.co.uk/wp-content/uploads/2018/02/Dessert-NEW-9-oct-1.pdf;Adore Remo;DESSERTS;0;20Nov2018
EARL GREY;;;2,8;TEA;;;An optional service charge of 12.5% will be added to your bill // Prices are inclusive of VAT.;Dessert-NEW-9-oct-1.pdf;https://www.adoreremo.co.uk/wp-content/uploads/2018/02/Dessert-NEW-9-oct-1.pdf;Adore Remo;DESSERTS;0;20Nov2018
PURE PEPPERMINT;;;2,8;TEA;;;An optional service charge of 12.5% will be added to your bill // Prices are inclusive of VAT.;Dessert-NEW-9-oct-1.pdf;https://www.adoreremo.co.uk/wp-content/uploads/2018/02/Dessert-NEW-9-oct-1.pdf;Adore Remo;DESSERTS;0;20Nov2018
PURE GREEN TEA;;;2,8;TEA;;;An optional service charge of 12.5% will be added to your bill // Prices are inclusive of VAT.;Dessert-NEW-9-oct-1.pdf;https://www.adoreremo.co.uk/wp-content/uploads/2018/02/Dessert-NEW-9-oct-1.pdf;Adore Remo;DESSERTS;0;20Nov2018
FRESH MINT TEA;;;2,8;TEA;;;An optional service charge of 12.5% will be added to your bill // Prices are inclusive of VAT.;Dessert-NEW-9-oct-1.pdf;https://www.adoreremo.co.uk/wp-content/uploads/2018/02/Dessert-NEW-9-oct-1.pdf;Adore Remo;DESSERTS;0;20Nov2018
CHAMOMILE;;;2,8;TEA;;;An optional service charge of 12.5% will be added to your bill // Prices are inclusive of VAT.;Dessert-NEW-9-oct-1.pdf;https://www.adoreremo.co.uk/wp-content/uploads/2018/02/Dessert-NEW-9-oct-1.pdf;Adore Remo;DESSERTS;0;20Nov2018
CRANBERRY & BLOOD ORANGE;;;2,8;TEA;;;An optional service charge of 12.5% will be added to your bill // Prices are inclusive of VAT.;Dessert-NEW-9-oct-1.pdf;https://www.adoreremo.co.uk/wp-content/uploads/2018/02/Dessert-NEW-9-oct-1.pdf;Adore Remo;DESSERTS;0;20Nov2018
CRANBERRY & RASBERRY;;;2,8;TEA;;;An optional service charge of 12.5% will be added to your bill // Prices are inclusive of VAT.;Dessert-NEW-9-oct-1.pdf;https://www.adoreremo.co.uk/wp-content/uploads/2018/02/Dessert-NEW-9-oct-1.pdf;Adore Remo;DESSERTS;0;20Nov2018
LEMON & GINGER;;;2,8;TEA;;;An optional service charge of 12.5% will be added to your bill // Prices are inclusive of VAT.;Dessert-NEW-9-oct-1.pdf;https://www.adoreremo.co.uk/wp-content/uploads/2018/02/Dessert-NEW-9-oct-1.pdf;Adore Remo;DESSERTS;0;20Nov2018
PEACH;;;4;JUICE;;;An optional service charge of 12.5% will be added to your bill // Prices are inclusive of VAT.;AdoreREMODrinksMenu.pdf;https://www.adoreremo.co.uk/wp-content/uploads/2016/09/AdoreREMODrinksMenu.pdf;Adore Remo;DRINKS;0;20Nov2018
PINEAPPLE;;;4;JUICE;;;An optional service charge of 12.5% will be added to your bill // Prices are inclusive of VAT.;AdoreREMODrinksMenu.pdf;https://www.adoreremo.co.uk/wp-content/uploads/2016/09/AdoreREMODrinksMenu.pdf;Adore Remo;DRINKS;0;20Nov2018
APPLE;;;4;JUICE;;;An optional service charge of 12.5% will be added to your bill // Prices are inclusive of VAT.;AdoreREMODrinksMenu.pdf;https://www.adoreremo.co.uk/wp-content/uploads/2016/09/AdoreREMODrinksMenu.pdf;Adore Remo;DRINKS;0;20Nov2018
ORANGE;;;4;JUICE;;;An optional service charge of 12.5% will be added to your bill // Prices are inclusive of VAT.;AdoreREMODrinksMenu.pdf;https://www.adoreremo.co.uk/wp-content/uploads/2016/09/AdoreREMODrinksMenu.pdf;Adore Remo;DRINKS;0;20Nov2018
CRANBERRY;;;4;JUICE;;;An optional service charge of 12.5% will be added to your bill // Prices are inclusive of VAT.;AdoreREMODrinksMenu.pdf;https://www.adoreremo.co.uk/wp-content/uploads/2016/09/AdoreREMODrinksMenu.pdf;Adore Remo;DRINKS;0;20Nov2018
TOMATO;;;4;JUICE;;;An optional service charge of 12.5% will be added to your bill // Prices are inclusive of VAT.;AdoreREMODrinksMenu.pdf;https://www.adoreremo.co.uk/wp-content/uploads/2016/09/AdoreREMODrinksMenu.pdf;Adore Remo;DRINKS;0;20Nov2018
COKE;;;3,5;SOFT DRINKS;;;An optional service charge of 12.5% will be added to your bill // Prices are inclusive of VAT.;AdoreREMODrinksMenu.pdf;https://www.adoreremo.co.uk/wp-content/uploads/2016/09/AdoreREMODrinksMenu.pdf;Adore Remo;DRINKS;0;20Nov2018
DIET COKE;;;3,5;SOFT DRINKS;;;An optional service charge of 12.5% will be added to your bill // Prices are inclusive of VAT.;AdoreREMODrinksMenu.pdf;https://www.adoreremo.co.uk/wp-content/uploads/2016/09/AdoreREMODrinksMenu.pdf;Adore Remo;DRINKS;0;20Nov2018
GINGER BEER;;;3,5;SOFT DRINKS;;;An optional service charge of 12.5% will be added to your bill // Prices are inclusive of VAT.;AdoreREMODrinksMenu.pdf;https://www.adoreremo.co.uk/wp-content/uploads/2016/09/AdoreREMODrinksMenu.pdf;Adore Remo;DRINKS;0;20Nov2018
RED BULL;;;3,5;SOFT DRINKS;;;An optional service charge of 12.5% will be added to your bill // Prices are inclusive of VAT.;AdoreREMODrinksMenu.pdf;https://www.adoreremo.co.uk/wp-content/uploads/2016/09/AdoreREMODrinksMenu.pdf;Adore Remo;DRINKS;0;20Nov2018
SAN PELLEGRINO ORANGE;;;3,5;SOFT DRINKS;;;An optional service charge of 12.5% will be added to your bill // Prices are inclusive of VAT.;AdoreREMODrinksMenu.pdf;https://www.adoreremo.co.uk/wp-content/uploads/2016/09/AdoreREMODrinksMenu.pdf;Adore Remo;DRINKS;0;20Nov2018
SAN PELLEGRINO LEMON;;;3,5;SOFT DRINKS;;;An optional service charge of 12.5% will be added to your bill // Prices are inclusive of VAT.;AdoreREMODrinksMenu.pdf;https://www.adoreremo.co.uk/wp-content/uploads/2016/09/AdoreREMODrinksMenu.pdf;Adore Remo;DRINKS;0;20Nov2018
APPLETIZER;;;3,5;SOFT DRINKS;;;An optional service charge of 12.5% will be added to your bill // Prices are inclusive of VAT.;AdoreREMODrinksMenu.pdf;https://www.adoreremo.co.uk/wp-content/uploads/2016/09/AdoreREMODrinksMenu.pdf;Adore Remo;DRINKS;0;20Nov2018
PANNA;;;4;WATER;;75cl;An optional service charge of 12.5% will be added to your bill // Prices are inclusive of VAT.;AdoreREMODrinksMenu.pdf;https://www.adoreremo.co.uk/wp-content/uploads/2016/09/AdoreREMODrinksMenu.pdf;Adore Remo;DRINKS;0;20Nov2018
PANNA;;;3;WATER;;50cl;An optional service charge of 12.5% will be added to your bill // Prices are inclusive of VAT.;AdoreREMODrinksMenu.pdf;https://www.adoreremo.co.uk/wp-content/uploads/2016/09/AdoreREMODrinksMenu.pdf;Adore Remo;DRINKS;0;20Nov2018
SAN PALLEGRINO;;;4;WATER;;75cl;An optional service charge of 12.5% will be added to your bill // Prices are inclusive of VAT.;AdoreREMODrinksMenu.pdf;https://www.adoreremo.co.uk/wp-content/uploads/2016/09/AdoreREMODrinksMenu.pdf;Adore Remo;DRINKS;0;20Nov2018
SAN PALLEGRINO;;;3;WATER;;50cl;An optional service charge of 12.5% will be added to your bill // Prices are inclusive of VAT.;AdoreREMODrinksMenu.pdf;https://www.adoreremo.co.uk/wp-content/uploads/2016/09/AdoreREMODrinksMenu.pdf;Adore Remo;DRINKS;0;20Nov2018
PROSECCO TREVISO BALBINOT BRUT DOC, LE MANZANE;;;5,5;CHAMPAGNES & SPARKLING;;125ml;An optional service charge of 12.5% will be added to your bill // Prices are inclusive of VAT.;AdoreREMODrinksMenu.pdf;https://www.adoreremo.co.uk/wp-content/uploads/2016/09/AdoreREMODrinksMenu.pdf;Adore Remo;DRINKS;0;20Nov2018
PROSECCO TREVISO BALBINOT BRUT DOC, LE MANZANE;;;26;CHAMPAGNES & SPARKLING;;BTL;An optional service charge of 12.5% will be added to your bill // Prices are inclusive of VAT.;AdoreREMODrinksMenu.pdf;https://www.adoreremo.co.uk/wp-content/uploads/2016/09/AdoreREMODrinksMenu.pdf;Adore Remo;DRINKS;0;20Nov2018
SPUMANTE PROSECCO R?SEO BRUT VSQ, LE MANZANE;;;6,5;CHAMPAGNES & SPARKLING;;125ml;An optional service charge of 12.5% will be added to your bill // Prices are inclusive of VAT.;AdoreREMODrinksMenu.pdf;https://www.adoreremo.co.uk/wp-content/uploads/2016/09/AdoreREMODrinksMenu.pdf;Adore Remo;DRINKS;0;20Nov2018
SPUMANTE PROSECCO R?SEO BRUT VSQ, LE MANZANE;;;35;CHAMPAGNES & SPARKLING;;BTL;An optional service charge of 12.5% will be added to your bill // Prices are inclusive of VAT.;AdoreREMODrinksMenu.pdf;https://www.adoreremo.co.uk/wp-content/uploads/2016/09/AdoreREMODrinksMenu.pdf;Adore Remo;DRINKS;0;20Nov2018
TENUTA DELLE FARFALLE VSQ MONZIO COMPAGNONI;;;30;CHAMPAGNES & SPARKLING;;BTL;An optional service charge of 12.5% will be added to your bill // Prices are inclusive of VAT.;AdoreREMODrinksMenu.pdf;https://www.adoreremo.co.uk/wp-content/uploads/2016/09/AdoreREMODrinksMenu.pdf;Adore Remo;DRINKS;0;20Nov2018
LAURENT PERRIER LA CUV?E;;;90;CHAMPAGNES & SPARKLING;;;An optional service charge of 12.5% will be added to your bill // Prices are inclusive of VAT.;AdoreREMODrinksMenu.pdf;https://www.adoreremo.co.uk/wp-content/uploads/2016/09/AdoreREMODrinksMenu.pdf;Adore Remo;DRINKS;0;20Nov2018
PERRIER JOU?T BELLE ?POQUE;;;195;CHAMPAGNES & SPARKLING;;;An optional service charge of 12.5% will be added to your bill // Prices are inclusive of VAT.;AdoreREMODrinksMenu.pdf;https://www.adoreremo.co.uk/wp-content/uploads/2016/09/AdoreREMODrinksMenu.pdf;Adore Remo;DRINKS;0;20Nov2018
DOM PERIGNON;;;230;CHAMPAGNES & SPARKLING;;;An optional service charge of 12.5% will be added to your bill // Prices are inclusive of VAT.;AdoreREMODrinksMenu.pdf;https://www.adoreremo.co.uk/wp-content/uploads/2016/09/AdoreREMODrinksMenu.pdf;Adore Remo;DRINKS;0;20Nov2018
PERRIER JOU?T BELLE ?POQUE ROS?;;;340;CHAMPAGNES & SPARKLING;;;An optional service charge of 12.5% will be added to your bill // Prices are inclusive of VAT.;AdoreREMODrinksMenu.pdf;https://www.adoreremo.co.uk/wp-content/uploads/2016/09/AdoreREMODrinksMenu.pdf;Adore Remo;DRINKS;0;20Nov2018
BELLINI;;;9;COCKTAILS;upgrade with premium spirits +3;;An optional service charge of 12.5% will be added to your bill // Prices are inclusive of VAT.;AdoreREMODrinksMenu.pdf;https://www.adoreremo.co.uk/wp-content/uploads/2016/09/AdoreREMODrinksMenu.pdf;Adore Remo;DRINKS;0;20Nov2018
CLASSIC CHAMPAGNE COCKTAIL;;;9;COCKTAILS;upgrade with premium spirits +3;;An optional service charge of 12.5% will be added to your bill // Prices are inclusive of VAT.;AdoreREMODrinksMenu.pdf;https://www.adoreremo.co.uk/wp-content/uploads/2016/09/AdoreREMODrinksMenu.pdf;Adore Remo;DRINKS;0;20Nov2018
APEROL SPRITZ;;;9;COCKTAILS;upgrade with premium spirits +3;;An optional service charge of 12.5% will be added to your bill // Prices are inclusive of VAT.;AdoreREMODrinksMenu.pdf;https://www.adoreremo.co.uk/wp-content/uploads/2016/09/AdoreREMODrinksMenu.pdf;Adore Remo;DRINKS;0;20Nov2018
GIN GARDEN;;;9;COCKTAILS;upgrade with premium spirits +3;;An optional service charge of 12.5% will be added to your bill // Prices are inclusive of VAT.;AdoreREMODrinksMenu.pdf;https://www.adoreremo.co.uk/wp-content/uploads/2016/09/AdoreREMODrinksMenu.pdf;Adore Remo;DRINKS;0;20Nov2018
NEGRONI;;;9;COCKTAILS;upgrade with premium spirits +3;;An optional service charge of 12.5% will be added to your bill // Prices are inclusive of VAT.;AdoreREMODrinksMenu.pdf;https://www.adoreremo.co.uk/wp-content/uploads/2016/09/AdoreREMODrinksMenu.pdf;Adore Remo;DRINKS;0;20Nov2018
VODKA MARTINI;;;9;COCKTAILS;upgrade with premium spirits +3;;An optional service charge of 12.5% will be added to your bill // Prices are inclusive of VAT.;AdoreREMODrinksMenu.pdf;https://www.adoreremo.co.uk/wp-content/uploads/2016/09/AdoreREMODrinksMenu.pdf;Adore Remo;DRINKS;0;20Nov2018
GIN MARTINI;;;9;COCKTAILS;upgrade with premium spirits +3;;An optional service charge of 12.5% will be added to your bill // Prices are inclusive of VAT.;AdoreREMODrinksMenu.pdf;https://www.adoreremo.co.uk/wp-content/uploads/2016/09/AdoreREMODrinksMenu.pdf;Adore Remo;DRINKS;0;20Nov2018
PORN STAR;;;9;COCKTAILS;upgrade with premium spirits +3;;An optional service charge of 12.5% will be added to your bill // Prices are inclusive of VAT.;AdoreREMODrinksMenu.pdf;https://www.adoreremo.co.uk/wp-content/uploads/2016/09/AdoreREMODrinksMenu.pdf;Adore Remo;DRINKS;0;20Nov2018
COSMOPOLITAN;;;9;COCKTAILS;upgrade with premium spirits +3;;An optional service charge of 12.5% will be added to your bill // Prices are inclusive of VAT.;AdoreREMODrinksMenu.pdf;https://www.adoreremo.co.uk/wp-content/uploads/2016/09/AdoreREMODrinksMenu.pdf;Adore Remo;DRINKS;0;20Nov2018
CLOVER CLUB;;;9;COCKTAILS;upgrade with premium spirits +3;;An optional service charge of 12.5% will be added to your bill // Prices are inclusive of VAT.;AdoreREMODrinksMenu.pdf;https://www.adoreremo.co.uk/wp-content/uploads/2016/09/AdoreREMODrinksMenu.pdf;Adore Remo;DRINKS;0;20Nov2018
MOJITO;;;9;COCKTAILS;upgrade with premium spirits +3;;An optional service charge of 12.5% will be added to your bill // Prices are inclusive of VAT.;AdoreREMODrinksMenu.pdf;https://www.adoreremo.co.uk/wp-content/uploads/2016/09/AdoreREMODrinksMenu.pdf;Adore Remo;DRINKS;0;20Nov2018
OLD FASHIONED;;;9;COCKTAILS;upgrade with premium spirits +3;;An optional service charge of 12.5% will be added to your bill // Prices are inclusive of VAT.;AdoreREMODrinksMenu.pdf;https://www.adoreremo.co.uk/wp-content/uploads/2016/09/AdoreREMODrinksMenu.pdf;Adore Remo;DRINKS;0;20Nov2018
GOD FATHER;;;9;COCKTAILS;upgrade with premium spirits +3;;An optional service charge of 12.5% will be added to your bill // Prices are inclusive of VAT.;AdoreREMODrinksMenu.pdf;https://www.adoreremo.co.uk/wp-content/uploads/2016/09/AdoreREMODrinksMenu.pdf;Adore Remo;DRINKS;0;20Nov2018
ESPRESSO MARTINI;;;9;DESSERT COCKTAILS;upgrade with premium spirits +3;;An optional service charge of 12.5% will be added to your bill // Prices are inclusive of VAT.;AdoreREMODrinksMenu.pdf;https://www.adoreremo.co.uk/wp-content/uploads/2016/09/AdoreREMODrinksMenu.pdf;Adore Remo;DRINKS;0;20Nov2018
ANGELS TREAT;;;9;DESSERT COCKTAILS;upgrade with premium spirits +3;;An optional service charge of 12.5% will be added to your bill // Prices are inclusive of VAT.;AdoreREMODrinksMenu.pdf;https://www.adoreremo.co.uk/wp-content/uploads/2016/09/AdoreREMODrinksMenu.pdf;Adore Remo;DRINKS;0;20Nov2018
TIRAMISU MARTINI;;;9;DESSERT COCKTAILS;upgrade with premium spirits +3;;An optional service charge of 12.5% will be added to your bill // Prices are inclusive of VAT.;AdoreREMODrinksMenu.pdf;https://www.adoreremo.co.uk/wp-content/uploads/2016/09/AdoreREMODrinksMenu.pdf;Adore Remo;DRINKS;0;20Nov2018
CHOCOLATE ORANGE DELUXE;;;9;DESSERT COCKTAILS;upgrade with premium spirits +3;;An optional service charge of 12.5% will be added to your bill // Prices are inclusive of VAT.;AdoreREMODrinksMenu.pdf;https://www.adoreremo.co.uk/wp-content/uploads/2016/09/AdoreREMODrinksMenu.pdf;Adore Remo;DRINKS;0;20Nov2018
GRAPPA MAROLO;;;6,5;GRAPPA;;50ml;An optional service charge of 12.5% will be added to your bill // Prices are inclusive of VAT.;AdoreREMODrinksMenu.pdf;https://www.adoreremo.co.uk/wp-content/uploads/2016/09/AdoreREMODrinksMenu.pdf;Adore Remo;DRINKS;0;20Nov2018
GRAPPA CIVIDINA;;;4,5;GRAPPA;;50ml;An optional service charge of 12.5% will be added to your bill // Prices are inclusive of VAT.;AdoreREMODrinksMenu.pdf;https://www.adoreremo.co.uk/wp-content/uploads/2016/09/AdoreREMODrinksMenu.pdf;Adore Remo;DRINKS;0;20Nov2018
MORETTI (DRAFT);;;5,5;BEER;;PNT;An optional service charge of 12.5% will be added to your bill // Prices are inclusive of VAT.;AdoreREMODrinksMenu.pdf;https://www.adoreremo.co.uk/wp-content/uploads/2016/09/AdoreREMODrinksMenu.pdf;Adore Remo;DRINKS;0;20Nov2018
MORETTI (DRAFT);;;4;BEER;;1/2 PNT;An optional service charge of 12.5% will be added to your bill // Prices are inclusive of VAT.;AdoreREMODrinksMenu.pdf;https://www.adoreremo.co.uk/wp-content/uploads/2016/09/AdoreREMODrinksMenu.pdf;Adore Remo;DRINKS;0;20Nov2018
MORETTI TUSCANY - 500ML;;;6,5;BEER;;BOTTLED;An optional service charge of 12.5% will be added to your bill // Prices are inclusive of VAT.;AdoreREMODrinksMenu.pdf;https://www.adoreremo.co.uk/wp-content/uploads/2016/09/AdoreREMODrinksMenu.pdf;Adore Remo;DRINKS;0;20Nov2018
MORETTI SICILY - 500ML;;;6,5;BEER;;BOTTLED;An optional service charge of 12.5% will be added to your bill // Prices are inclusive of VAT.;AdoreREMODrinksMenu.pdf;https://www.adoreremo.co.uk/wp-content/uploads/2016/09/AdoreREMODrinksMenu.pdf;Adore Remo;DRINKS;0;20Nov2018
PERONI RED LABEL - 330ML;;;5;BEER;;BOTTLED;An optional service charge of 12.5% will be added to your bill // Prices are inclusive of VAT.;AdoreREMODrinksMenu.pdf;https://www.adoreremo.co.uk/wp-content/uploads/2016/09/AdoreREMODrinksMenu.pdf;Adore Remo;DRINKS;0;20Nov2018
PERONI GRAN RISERVA - 330ML;;;5;BEER;;BOTTLED;An optional service charge of 12.5% will be added to your bill // Prices are inclusive of VAT.;AdoreREMODrinksMenu.pdf;https://www.adoreremo.co.uk/wp-content/uploads/2016/09/AdoreREMODrinksMenu.pdf;Adore Remo;DRINKS;0;20Nov2018
BULMERS CIDER;;;5,5;BEER;;BOTTLED;An optional service charge of 12.5% will be added to your bill // Prices are inclusive of VAT.;AdoreREMODrinksMenu.pdf;https://www.adoreremo.co.uk/wp-content/uploads/2016/09/AdoreREMODrinksMenu.pdf;Adore Remo;DRINKS;0;20Nov2018
AMARETTO, AVERNA;;;7;DIGESTIVE;;50ml;An optional service charge of 12.5% will be added to your bill // Prices are inclusive of VAT.;AdoreREMODrinksMenu.pdf;https://www.adoreremo.co.uk/wp-content/uploads/2016/09/AdoreREMODrinksMenu.pdf;Adore Remo;DRINKS;0;20Nov2018
BRANCA - MENTAFERNETBRANCA;;;7;DIGESTIVE;;50ml;An optional service charge of 12.5% will be added to your bill // Prices are inclusive of VAT.;AdoreREMODrinksMenu.pdf;https://www.adoreremo.co.uk/wp-content/uploads/2016/09/AdoreREMODrinksMenu.pdf;Adore Remo;DRINKS;0;20Nov2018
FRANGELICO, JAGER;;;7;DIGESTIVE;;50ml;An optional service charge of 12.5% will be added to your bill // Prices are inclusive of VAT.;AdoreREMODrinksMenu.pdf;https://www.adoreremo.co.uk/wp-content/uploads/2016/09/AdoreREMODrinksMenu.pdf;Adore Remo;DRINKS;0;20Nov2018
LUCANO, MONTENEGRO;;;7;DIGESTIVE;;50ml;An optional service charge of 12.5% will be added to your bill // Prices are inclusive of VAT.;AdoreREMODrinksMenu.pdf;https://www.adoreremo.co.uk/wp-content/uploads/2016/09/AdoreREMODrinksMenu.pdf;Adore Remo;DRINKS;0;20Nov2018
RAMAZZOTTI, SAMBUCA;;;7;DIGESTIVE;;50ml;An optional service charge of 12.5% will be added to your bill // Prices are inclusive of VAT.;AdoreREMODrinksMenu.pdf;https://www.adoreremo.co.uk/wp-content/uploads/2016/09/AdoreREMODrinksMenu.pdf;Adore Remo;DRINKS;0;20Nov2018
LIMONCELLO;;;7;DIGESTIVE;;50ml;An optional service charge of 12.5% will be added to your bill // Prices are inclusive of VAT.;AdoreREMODrinksMenu.pdf;https://www.adoreremo.co.uk/wp-content/uploads/2016/09/AdoreREMODrinksMenu.pdf;Adore Remo;DRINKS;0;20Nov2018
AMARO DEL CAPO;;;7;DIGESTIVE;;50ml;An optional service charge of 12.5% will be added to your bill // Prices are inclusive of VAT.;AdoreREMODrinksMenu.pdf;https://www.adoreremo.co.uk/wp-content/uploads/2016/09/AdoreREMODrinksMenu.pdf;Adore Remo;DRINKS;0;20Nov2018
HOUSE VODKA;;;4;VODKA;;25ml;An optional service charge of 12.5% will be added to your bill // Prices are inclusive of VAT.;AdoreREMODrinksMenu.pdf;https://www.adoreremo.co.uk/wp-content/uploads/2016/09/AdoreREMODrinksMenu.pdf;Adore Remo;DRINKS;0;20Nov2018
ABSOLUT;;;4,5;VODKA;;25ml;An optional service charge of 12.5% will be added to your bill // Prices are inclusive of VAT.;AdoreREMODrinksMenu.pdf;https://www.adoreremo.co.uk/wp-content/uploads/2016/09/AdoreREMODrinksMenu.pdf;Adore Remo;DRINKS;0;20Nov2018
ABSOLUT RASPBERRY;;;6;VODKA;;25ml;An optional service charge of 12.5% will be added to your bill // Prices are inclusive of VAT.;AdoreREMODrinksMenu.pdf;https://www.adoreremo.co.uk/wp-content/uploads/2016/09/AdoreREMODrinksMenu.pdf;Adore Remo;DRINKS;0;20Nov2018
BELVEDERE;;;7;VODKA;;25ml;An optional service charge of 12.5% will be added to your bill // Prices are inclusive of VAT.;AdoreREMODrinksMenu.pdf;https://www.adoreremo.co.uk/wp-content/uploads/2016/09/AdoreREMODrinksMenu.pdf;Adore Remo;DRINKS;0;20Nov2018
GREY GOOSE;;;6,5;VODKA;;25ml;An optional service charge of 12.5% will be added to your bill // Prices are inclusive of VAT.;AdoreREMODrinksMenu.pdf;https://www.adoreremo.co.uk/wp-content/uploads/2016/09/AdoreREMODrinksMenu.pdf;Adore Remo;DRINKS;0;20Nov2018
APEROL, ARCHERS PEACH;;;6;LIQUEURS;;50ml;An optional service charge of 12.5% will be added to your bill // Prices are inclusive of VAT.;AdoreREMODrinksMenu.pdf;https://www.adoreremo.co.uk/wp-content/uploads/2016/09/AdoreREMODrinksMenu.pdf;Adore Remo;DRINKS;0;20Nov2018
BAILEY’S, CAMPARI;;;6;LIQUEURS;;50ml;An optional service charge of 12.5% will be added to your bill // Prices are inclusive of VAT.;AdoreREMODrinksMenu.pdf;https://www.adoreremo.co.uk/wp-content/uploads/2016/09/AdoreREMODrinksMenu.pdf;Adore Remo;DRINKS;0;20Nov2018
COINTREAU, MALIBU;;;6;LIQUEURS;;50ml;An optional service charge of 12.5% will be added to your bill // Prices are inclusive of VAT.;AdoreREMODrinksMenu.pdf;https://www.adoreremo.co.uk/wp-content/uploads/2016/09/AdoreREMODrinksMenu.pdf;Adore Remo;DRINKS;0;20Nov2018
PIMMS, TIA MARIA;;;6;LIQUEURS;;50ml;An optional service charge of 12.5% will be added to your bill // Prices are inclusive of VAT.;AdoreREMODrinksMenu.pdf;https://www.adoreremo.co.uk/wp-content/uploads/2016/09/AdoreREMODrinksMenu.pdf;Adore Remo;DRINKS;0;20Nov2018
BOMBAY;;;4;GIN;;25ml;An optional service charge of 12.5% will be added to your bill // Prices are inclusive of VAT.;AdoreREMODrinksMenu.pdf;https://www.adoreremo.co.uk/wp-content/uploads/2016/09/AdoreREMODrinksMenu.pdf;Adore Remo;DRINKS;0;20Nov2018
GORDON;;;4;GIN;;25ml;An optional service charge of 12.5% will be added to your bill // Prices are inclusive of VAT.;AdoreREMODrinksMenu.pdf;https://www.adoreremo.co.uk/wp-content/uploads/2016/09/AdoreREMODrinksMenu.pdf;Adore Remo;DRINKS;0;20Nov2018
TANQUERAY;;;4,5;GIN;;25ml;An optional service charge of 12.5% will be added to your bill // Prices are inclusive of VAT.;AdoreREMODrinksMenu.pdf;https://www.adoreremo.co.uk/wp-content/uploads/2016/09/AdoreREMODrinksMenu.pdf;Adore Remo;DRINKS;0;20Nov2018
HENDRICKS;;;5;GIN;;25ml;An optional service charge of 12.5% will be added to your bill // Prices are inclusive of VAT.;AdoreREMODrinksMenu.pdf;https://www.adoreremo.co.uk/wp-content/uploads/2016/09/AdoreREMODrinksMenu.pdf;Adore Remo;DRINKS;0;20Nov2018
GORDON PINK;;;6;GIN;;25ml;An optional service charge of 12.5% will be added to your bill // Prices are inclusive of VAT.;AdoreREMODrinksMenu.pdf;https://www.adoreremo.co.uk/wp-content/uploads/2016/09/AdoreREMODrinksMenu.pdf;Adore Remo;DRINKS;0;20Nov2018
GIN MARE;;;8;GIN;;25ml;An optional service charge of 12.5% will be added to your bill // Prices are inclusive of VAT.;AdoreREMODrinksMenu.pdf;https://www.adoreremo.co.uk/wp-content/uploads/2016/09/AdoreREMODrinksMenu.pdf;Adore Remo;DRINKS;0;20Nov2018
VECCHIA ROMAGNA;;;4;BRANDY;;25ml;An optional service charge of 12.5% will be added to your bill // Prices are inclusive of VAT.;AdoreREMODrinksMenu.pdf;https://www.adoreremo.co.uk/wp-content/uploads/2016/09/AdoreREMODrinksMenu.pdf;Adore Remo;DRINKS;0;20Nov2018
COURVOISIER;;;5,5;BRANDY;;25ml;An optional service charge of 12.5% will be added to your bill // Prices are inclusive of VAT.;AdoreREMODrinksMenu.pdf;https://www.adoreremo.co.uk/wp-content/uploads/2016/09/AdoreREMODrinksMenu.pdf;Adore Remo;DRINKS;0;20Nov2018
REMY MARTIN VSOP;;;6,5;BRANDY;;25ml;An optional service charge of 12.5% will be added to your bill // Prices are inclusive of VAT.;AdoreREMODrinksMenu.pdf;https://www.adoreremo.co.uk/wp-content/uploads/2016/09/AdoreREMODrinksMenu.pdf;Adore Remo;DRINKS;0;20Nov2018
CALVADOS;;;4,5;BRANDY;;25ml;An optional service charge of 12.5% will be added to your bill // Prices are inclusive of VAT.;AdoreREMODrinksMenu.pdf;https://www.adoreremo.co.uk/wp-content/uploads/2016/09/AdoreREMODrinksMenu.pdf;Adore Remo;DRINKS;0;20Nov2018
JANNEAU;;;6,5;BRANDY;;25ml;An optional service charge of 12.5% will be added to your bill // Prices are inclusive of VAT.;AdoreREMODrinksMenu.pdf;https://www.adoreremo.co.uk/wp-content/uploads/2016/09/AdoreREMODrinksMenu.pdf;Adore Remo;DRINKS;0;20Nov2018
REMY MARTIN XO;;;9;BRANDY;;25ml;An optional service charge of 12.5% will be added to your bill // Prices are inclusive of VAT.;AdoreREMODrinksMenu.pdf;https://www.adoreremo.co.uk/wp-content/uploads/2016/09/AdoreREMODrinksMenu.pdf;Adore Remo;DRINKS;0;20Nov2018
JOS? CUERVO SILVER;;;4;TEQUILA;;25ml;An optional service charge of 12.5% will be added to your bill // Prices are inclusive of VAT.;AdoreREMODrinksMenu.pdf;https://www.adoreremo.co.uk/wp-content/uploads/2016/09/AdoreREMODrinksMenu.pdf;Adore Remo;DRINKS;0;20Nov2018
JOS? CUERVO REPOSADO;;;4;TEQUILA;;25ml;An optional service charge of 12.5% will be added to your bill // Prices are inclusive of VAT.;AdoreREMODrinksMenu.pdf;https://www.adoreremo.co.uk/wp-content/uploads/2016/09/AdoreREMODrinksMenu.pdf;Adore Remo;DRINKS;0;20Nov2018
PATRON XO CAF? SILVER ANEJO REPOSADO;;;8;TEQUILA;;25ml;An optional service charge of 12.5% will be added to your bill // Prices are inclusive of VAT.;AdoreREMODrinksMenu.pdf;https://www.adoreremo.co.uk/wp-content/uploads/2016/09/AdoreREMODrinksMenu.pdf;Adore Remo;DRINKS;0;20Nov2018
DON JULIO SILVER ANEJO REPOSADO;;;8;TEQUILA;;25ml;An optional service charge of 12.5% will be added to your bill // Prices are inclusive of VAT.;AdoreREMODrinksMenu.pdf;https://www.adoreremo.co.uk/wp-content/uploads/2016/09/AdoreREMODrinksMenu.pdf;Adore Remo;DRINKS;0;20Nov2018
J&B;;;4;WHISKY/WHISKEY;;25ml;An optional service charge of 12.5% will be added to your bill // Prices are inclusive of VAT.;AdoreREMODrinksMenu.pdf;https://www.adoreremo.co.uk/wp-content/uploads/2016/09/AdoreREMODrinksMenu.pdf;Adore Remo;DRINKS;0;20Nov2018
JOHNNIE WALKER BLACK;;;4,5;WHISKY/WHISKEY;;25ml;An optional service charge of 12.5% will be added to your bill // Prices are inclusive of VAT.;AdoreREMODrinksMenu.pdf;https://www.adoreremo.co.uk/wp-content/uploads/2016/09/AdoreREMODrinksMenu.pdf;Adore Remo;DRINKS;0;20Nov2018
JAMESON;;;4;WHISKY/WHISKEY;;25ml;An optional service charge of 12.5% will be added to your bill // Prices are inclusive of VAT.;AdoreREMODrinksMenu.pdf;https://www.adoreremo.co.uk/wp-content/uploads/2016/09/AdoreREMODrinksMenu.pdf;Adore Remo;DRINKS;0;20Nov2018
JACK DANIELS;;;4,5;WHISKY/WHISKEY;;25ml;An optional service charge of 12.5% will be added to your bill // Prices are inclusive of VAT.;AdoreREMODrinksMenu.pdf;https://www.adoreremo.co.uk/wp-content/uploads/2016/09/AdoreREMODrinksMenu.pdf;Adore Remo;DRINKS;0;20Nov2018
GLENFIDDICH;;;5;WHISKY/WHISKEY;;25ml;An optional service charge of 12.5% will be added to your bill // Prices are inclusive of VAT.;AdoreREMODrinksMenu.pdf;https://www.adoreremo.co.uk/wp-content/uploads/2016/09/AdoreREMODrinksMenu.pdf;Adore Remo;DRINKS;0;20Nov2018
MAKERS MARK;;;6,5;WHISKY/WHISKEY;;25ml;An optional service charge of 12.5% will be added to your bill // Prices are inclusive of VAT.;AdoreREMODrinksMenu.pdf;https://www.adoreremo.co.uk/wp-content/uploads/2016/09/AdoreREMODrinksMenu.pdf;Adore Remo;DRINKS;0;20Nov2018
WOODFORD;;;8;WHISKY/WHISKEY;;25ml;An optional service charge of 12.5% will be added to your bill // Prices are inclusive of VAT.;AdoreREMODrinksMenu.pdf;https://www.adoreremo.co.uk/wp-content/uploads/2016/09/AdoreREMODrinksMenu.pdf;Adore Remo;DRINKS;0;20Nov2018
MARCHE ROSSO IGT MONCARO;;;5,6;RED WINE;MONTEPULCIANO/SANGIOVESE;Glass;;Winelist-NEW-2018-Nov.pdf;https://www.adoreremo.co.uk/wp-content/uploads/2016/09/Winelist-NEW-2018-Nov.pdf;Adore Remo;WINE;0;20Nov2018
MALBECH VENETO IGT 2017 “ORNELLA BELLIA”;;;7;RED WINE;100% MALBECH;Glass;;Winelist-NEW-2018-Nov.pdf;https://www.adoreremo.co.uk/wp-content/uploads/2016/09/Winelist-NEW-2018-Nov.pdf;Adore Remo;WINE;0;20Nov2018
MERLOT GRAVE DEL FRIULI DOC 2014;;;7,5;RED WINE;100% MONOVARIETAL MERLOT;Glass;;Winelist-NEW-2018-Nov.pdf;https://www.adoreremo.co.uk/wp-content/uploads/2016/09/Winelist-NEW-2018-Nov.pdf;Adore Remo;WINE;0;20Nov2018
MONTEPULCIANO D’ABRUZZO DOP COLLE CAVALIERI;;;7,5;RED WINE;MONTEPULCIANO;Glass;;Winelist-NEW-2018-Nov.pdf;https://www.adoreremo.co.uk/wp-content/uploads/2016/09/Winelist-NEW-2018-Nov.pdf;Adore Remo;WINE;0;20Nov2018
VALPOLICELLA SUPERIORE DOC ZENATO;;;8,5;RED WINE;CORVINA, RONDINELLA, SANGIOVESE;Glass;;Winelist-NEW-2018-Nov.pdf;https://www.adoreremo.co.uk/wp-content/uploads/2016/09/Winelist-NEW-2018-Nov.pdf;Adore Remo;WINE;0;20Nov2018
CHIANTI CLASSICO DOCG 2014 “IL MOLINO DI GRACE”;;;9,5;RED WINE;100% SANGIOVESE;Glass;;Winelist-NEW-2018-Nov.pdf;https://www.adoreremo.co.uk/wp-content/uploads/2016/09/Winelist-NEW-2018-Nov.pdf;Adore Remo;WINE;0;20Nov2018
VALPOLICELLA SUPERIORE RIPASSO DOC;;;30;RED WINE;85% CORVINIA 10% RONDINELLA 5% OSELETA;Half;;Winelist-NEW-2018-Nov.pdf;https://www.adoreremo.co.uk/wp-content/uploads/2016/09/Winelist-NEW-2018-Nov.pdf;Adore Remo;WINE;0;20Nov2018
BAROLO DOCG 2014 “BENI DI BATASIOLO”;;;40;RED WINE;100% NEBBIOLO;Half;;Winelist-NEW-2018-Nov.pdf;https://www.adoreremo.co.uk/wp-content/uploads/2016/09/Winelist-NEW-2018-Nov.pdf;Adore Remo;WINE;0;20Nov2018
AMARONE CLASSICO VALPOLICELLA DOCG;;;43;RED WINE;80% CORVINIA 10% RONDINELLA 10% OSELETA;Half;;Winelist-NEW-2018-Nov.pdf;https://www.adoreremo.co.uk/wp-content/uploads/2016/09/Winelist-NEW-2018-Nov.pdf;Adore Remo;WINE;0;20Nov2018
MARCHE ROSSO IGT MONCARO;;;16;RED WINE;MONTEPULCIANO/SANGIOVESE;Carafe;;Winelist-NEW-2018-Nov.pdf;https://www.adoreremo.co.uk/wp-content/uploads/2016/09/Winelist-NEW-2018-Nov.pdf;Adore Remo;WINE;0;20Nov2018
MALBECH VENETO IGT 2017 “ORNELLA BELLIA”;;;20;RED WINE;100% MALBECH;Carafe;;Winelist-NEW-2018-Nov.pdf;https://www.adoreremo.co.uk/wp-content/uploads/2016/09/Winelist-NEW-2018-Nov.pdf;Adore Remo;WINE;0;20Nov2018
MERLOT GRAVE DDEL FRIULI DOC 2014;;;22;RED WINE;100% MONOVARIETAL MERLOT;Carafe;;Winelist-NEW-2018-Nov.pdf;https://www.adoreremo.co.uk/wp-content/uploads/2016/09/Winelist-NEW-2018-Nov.pdf;Adore Remo;WINE;0;20Nov2018
MONTEPULCIANO D’ABRUZZO DOP COLLE CAVALIERI;;;22;RED WINE;MONTEPULCIANO;Carafe;;Winelist-NEW-2018-Nov.pdf;https://www.adoreremo.co.uk/wp-content/uploads/2016/09/Winelist-NEW-2018-Nov.pdf;Adore Remo;WINE;0;20Nov2018
VALPOLICELLA SUPERIORE DOC ZENATO;;;24;RED WINE;CORVINA, RONDINELLA, SANGIOVESE;Carafe;;Winelist-NEW-2018-Nov.pdf;https://www.adoreremo.co.uk/wp-content/uploads/2016/09/Winelist-NEW-2018-Nov.pdf;Adore Remo;WINE;0;20Nov2018
CHIANTI CLASSICO DOCG 2014 “IL MOLINO DI GRACE” ;;;28;RED WINE;100% SANGIOVESE;Carafe;;Winelist-NEW-2018-Nov.pdf;https://www.adoreremo.co.uk/wp-content/uploads/2016/09/Winelist-NEW-2018-Nov.pdf;Adore Remo;WINE;0;20Nov2018
MARCHE ROSSO IGT MONCARO;;;21;RED WINE;MONTEPULCIANO/SANGIOVESE;Bottle;;Winelist-NEW-2018-Nov.pdf;https://www.adoreremo.co.uk/wp-content/uploads/2016/09/Winelist-NEW-2018-Nov.pdf;Adore Remo;WINE;0;20Nov2018
MALBECH VENETO IGT 2017 “ORNELLA BELLIA”;;;27;RED WINE;100% MALBECH;Bottle;;Winelist-NEW-2018-Nov.pdf;https://www.adoreremo.co.uk/wp-content/uploads/2016/09/Winelist-NEW-2018-Nov.pdf;Adore Remo;WINE;0;20Nov2018
MERLOT GRAVE DDEL FRIULI DOC 2014;;;29;RED WINE;100% MONOVARIETAL MERLOT;Bottle;;Winelist-NEW-2018-Nov.pdf;https://www.adoreremo.co.uk/wp-content/uploads/2016/09/Winelist-NEW-2018-Nov.pdf;Adore Remo;WINE;0;20Nov2018
MONTEPULCIANO D’ABRUZZO DOP COLLE CAVALIERI M;;;29;RED WINE;MONTEPULCIANO;Bottle;;Winelist-NEW-2018-Nov.pdf;https://www.adoreremo.co.uk/wp-content/uploads/2016/09/Winelist-NEW-2018-Nov.pdf;Adore Remo;WINE;0;20Nov2018
PINOT NERO ALTOADIGE BLAUBURGUNDER DOC 2017;;;32;RED WINE;100% PINOT NERO;Bottle;;Winelist-NEW-2018-Nov.pdf;https://www.adoreremo.co.uk/wp-content/uploads/2016/09/Winelist-NEW-2018-Nov.pdf;Adore Remo;WINE;0;20Nov2018
VALPOLICELLA SUPERIORE DOC ZENATO;;;33;RED WINE;CORVINA, RONDINELLA, SANGIOVESE;Bottle;;Winelist-NEW-2018-Nov.pdf;https://www.adoreremo.co.uk/wp-content/uploads/2016/09/Winelist-NEW-2018-Nov.pdf;Adore Remo;WINE;0;20Nov2018
PRIMITIVO IGT SALENTO “VILLA SANTERA”;;;33;RED WINE;100% PRIMITIVO;Bottle;;Winelist-NEW-2018-Nov.pdf;https://www.adoreremo.co.uk/wp-content/uploads/2016/09/Winelist-NEW-2018-Nov.pdf;Adore Remo;WINE;0;20Nov2018
SALICE SALENTINO RISERVA;;;34;RED WINE;NEGROAMARO MALVASIA NERA DI BRINDISI;Bottle;;Winelist-NEW-2018-Nov.pdf;https://www.adoreremo.co.uk/wp-content/uploads/2016/09/Winelist-NEW-2018-Nov.pdf;Adore Remo;WINE;0;20Nov2018
CORVINA SCAIA 2015 TENUTA SANT’ANTONIO;;;36;RED WINE;100% CORVINA;Bottle;;Winelist-NEW-2018-Nov.pdf;https://www.adoreremo.co.uk/wp-content/uploads/2016/09/Winelist-NEW-2018-Nov.pdf;Adore Remo;WINE;0;20Nov2018
CHIANTI CLASSICO DOCG 2014 “IL MOLINO DI GRACE”;;;37;RED WINE;100% SANGIOVESE;Bottle;;Winelist-NEW-2018-Nov.pdf;https://www.adoreremo.co.uk/wp-content/uploads/2016/09/Winelist-NEW-2018-Nov.pdf;Adore Remo;WINE;0;20Nov2018
SANGIOVESE DI ROMAGNA DOC SUPERIORE “GEMME”;;;43;RED WINE;SANGIOVESE;Bottle;;Winelist-NEW-2018-Nov.pdf;https://www.adoreremo.co.uk/wp-content/uploads/2016/09/Winelist-NEW-2018-Nov.pdf;Adore Remo;WINE;0;20Nov2018
NERO D’AVOLA DUCA DI SALAPARUTA PASSO DELLE MULE 2015;;;46;RED WINE;;Bottle;;Winelist-NEW-2018-Nov.pdf;https://www.adoreremo.co.uk/wp-content/uploads/2016/09/Winelist-NEW-2018-Nov.pdf;Adore Remo;WINE;0;20Nov2018
CANNONAU DI SARDEGNA DOC 2015 CHERCHI;;;46;RED WINE;100% CANNONAU;Bottle;;Winelist-NEW-2018-Nov.pdf;https://www.adoreremo.co.uk/wp-content/uploads/2016/09/Winelist-NEW-2018-Nov.pdf;Adore Remo;WINE;0;20Nov2018
BARBERA D’ALBA SOVRANA DOC 2015 BENI DI BATASIOLO;;;48;RED WINE;100% BARBERA;Bottle;;Winelist-NEW-2018-Nov.pdf;https://www.adoreremo.co.uk/wp-content/uploads/2016/09/Winelist-NEW-2018-Nov.pdf;Adore Remo;WINE;0;20Nov2018
ROSSO DI MONTALCINO TENUTA DI SESTA 2014;;;54;RED WINE;100% SANGIOVESE;Bottle;;Winelist-NEW-2018-Nov.pdf;https://www.adoreremo.co.uk/wp-content/uploads/2016/09/Winelist-NEW-2018-Nov.pdf;Adore Remo;WINE;0;20Nov2018
VALPOLICELLA SUPERIORE RIPASSO DOC;;;56;RED WINE;85% CORVINIA 10% RONDINELLA 5% OSELETA;Bottle;;Winelist-NEW-2018-Nov.pdf;https://www.adoreremo.co.uk/wp-content/uploads/2016/09/Winelist-NEW-2018-Nov.pdf;Adore Remo;WINE;0;20Nov2018
BAROLO DOCG 2014 “BENI DI BATASIOLO”;;;70;RED WINE;100% NEBBIOLO;Bottle;;Winelist-NEW-2018-Nov.pdf;https://www.adoreremo.co.uk/wp-content/uploads/2016/09/Winelist-NEW-2018-Nov.pdf;Adore Remo;WINE;0;20Nov2018
AMARONE CLASSICO VALPOLICELLA;;;75;RED WINE;80% CORVINIA 10% RONDINELLA 10% OSELETA;Bottle;;Winelist-NEW-2018-Nov.pdf;https://www.adoreremo.co.uk/wp-content/uploads/2016/09/Winelist-NEW-2018-Nov.pdf;Adore Remo;WINE;0;20Nov2018
BRUNELLO DI MONTALCINO DOCG 2013;;;90;RED WINE;100% SANGIOVESE GROSSO;Bottle;;Winelist-NEW-2018-Nov.pdf;https://www.adoreremo.co.uk/wp-content/uploads/2016/09/Winelist-NEW-2018-Nov.pdf;Adore Remo;WINE;0;20Nov2018
TURRIGA IGT;;;90;RED WINE;85% CANNONAU 5% CARIGNANO 5% BOVALE SARDO 5% MALVASIA NERA;Bottle;;Winelist-NEW-2018-Nov.pdf;https://www.adoreremo.co.uk/wp-content/uploads/2016/09/Winelist-NEW-2018-Nov.pdf;Adore Remo;WINE;0;20Nov2018
BAROLO BATASIOLO DOCG BRICCOLINA 2010;;;90;RED WINE;100% NEBBIOLO;Bottle;;Winelist-NEW-2018-Nov.pdf;https://www.adoreremo.co.uk/wp-content/uploads/2016/09/Winelist-NEW-2018-Nov.pdf;Adore Remo;WINE;0;20Nov2018
TIGNANELLO MARCHESI ANTINORI;;;150;RED WINE;SANGIOVESE CABERNET SAUVIGNON CABERNET FRANC;Bottle;;Winelist-NEW-2018-Nov.pdf;https://www.adoreremo.co.uk/wp-content/uploads/2016/09/Winelist-NEW-2018-Nov.pdf;Adore Remo;WINE;0;20Nov2018
BIONDI SANTI BRUNELLO DI MONTALCINO 2008;;;160;RED WINE;100% SANGIOVESE GROSSO;Bottle;;Winelist-NEW-2018-Nov.pdf;https://www.adoreremo.co.uk/wp-content/uploads/2016/09/Winelist-NEW-2018-Nov.pdf;Adore Remo;WINE;0;20Nov2018
GUADO AL TASSO BOLGHERI SUPERIORE ANTINORI 2014;;;185;RED WINE;;Bottle;;Winelist-NEW-2018-Nov.pdf;https://www.adoreremo.co.uk/wp-content/uploads/2016/09/Winelist-NEW-2018-Nov.pdf;Adore Remo;WINE;0;20Nov2018
SASSICAIA SAN GUIDO BOLGHERI;;;295;RED WINE;85% CABERNET SAUVIGNON 15% CABERNET FRANC;Bottle;;Winelist-NEW-2018-Nov.pdf;https://www.adoreremo.co.uk/wp-content/uploads/2016/09/Winelist-NEW-2018-Nov.pdf;Adore Remo;WINE;0;20Nov2018
MARCHE BIANCO IGT MONCARO;;;5,6;WHITE WINE;TREBBIANO/VERDICCHIO;Glass;;Winelist-NEW-2018-Nov.pdf;https://www.adoreremo.co.uk/wp-content/uploads/2016/09/Winelist-NEW-2018-Nov.pdf;Adore Remo;WINE;0;20Nov2018
PINOT GRIGIO GRAVE DEL FRIULI DOC 2016 PIGHIN;;;7,5;WHITE WINE;MONOVARIETAL PINOT GRIGIO;Glass;;Winelist-NEW-2018-Nov.pdf;https://www.adoreremo.co.uk/wp-content/uploads/2016/09/Winelist-NEW-2018-Nov.pdf;Adore Remo;WINE;0;20Nov2018
REESLING INCROCIO MANZONI 6.0.13 VENETO IGT 2016;;;7,5;WHITE WINE;100% INCROCIO MANZONI;Glass;;Winelist-NEW-2018-Nov.pdf;https://www.adoreremo.co.uk/wp-content/uploads/2016/09/Winelist-NEW-2018-Nov.pdf;Adore Remo;WINE;0;20Nov2018
VERDICCHIO DEI CASTELLI DI JESI CLASSICO;;;8;WHITE WINE;100% VERDICCHIO;Glass;;Winelist-NEW-2018-Nov.pdf;https://www.adoreremo.co.uk/wp-content/uploads/2016/09/Winelist-NEW-2018-Nov.pdf;Adore Remo;WINE;0;20Nov2018
SAUVIGNON BLANC VALLE DI ISARCO;;;8;WHITE WINE;100% SAUVIGNON;Glass;;Winelist-NEW-2018-Nov.pdf;https://www.adoreremo.co.uk/wp-content/uploads/2016/09/Winelist-NEW-2018-Nov.pdf;Adore Remo;WINE;0;20Nov2018
CHARDONNAY GARDA DOC S.CRISTINA;;;8;WHITE WINE;100% CHARDONNAY;Glass;;Winelist-NEW-2018-Nov.pdf;https://www.adoreremo.co.uk/wp-content/uploads/2016/09/Winelist-NEW-2018-Nov.pdf;Adore Remo;WINE;0;20Nov2018
VERMENTINO DI GALLURA SUPERIORE DOCG 2016;;;20;WHITE WINE;100% VERMENTINO;Half;;Winelist-NEW-2018-Nov.pdf;https://www.adoreremo.co.uk/wp-content/uploads/2016/09/Winelist-NEW-2018-Nov.pdf;Adore Remo;WINE;0;20Nov2018
GAVI DI GAVI “GRANEE” DOCG 2017 BENI DI BATASIOLO;;;22;WHITE WINE;100% CORTESE;Half;;Winelist-NEW-2018-Nov.pdf;https://www.adoreremo.co.uk/wp-content/uploads/2016/09/Winelist-NEW-2018-Nov.pdf;Adore Remo;WINE;0;20Nov2018
MARCHE BIANCO IGT MONCARO;;;16;WHITE WINE;TREBBIANO/VERDICCHIO;Carafe;;Winelist-NEW-2018-Nov.pdf;https://www.adoreremo.co.uk/wp-content/uploads/2016/09/Winelist-NEW-2018-Nov.pdf;Adore Remo;WINE;0;20Nov2018
PINOT GRIGIO GRAVE DEL FRIULI DOC 2016 PIGHIN;;;21;WHITE WINE;MONOVARIETAL PINOT GRIGIO;Carafe;;Winelist-NEW-2018-Nov.pdf;https://www.adoreremo.co.uk/wp-content/uploads/2016/09/Winelist-NEW-2018-Nov.pdf;Adore Remo;WINE;0;20Nov2018
REESLING INCROCIO MANZONI 6.0.13 VENETO IGT 2016;;;21;WHITE WINE;100% INCROCIO MANZONI;Carafe;;Winelist-NEW-2018-Nov.pdf;https://www.adoreremo.co.uk/wp-content/uploads/2016/09/Winelist-NEW-2018-Nov.pdf;Adore Remo;WINE;0;20Nov2018
VERDICCHIO DEI CASTELLI DI JESI CLASSICO;;;23;WHITE WINE;100% VERDICCHIO;Carafe;;Winelist-NEW-2018-Nov.pdf;https://www.adoreremo.co.uk/wp-content/uploads/2016/09/Winelist-NEW-2018-Nov.pdf;Adore Remo;WINE;0;20Nov2018
SAUVIGNON BLANC VALLE DI ISARCO;;;23;WHITE WINE;100% SAUVIGNON;Carafe;;Winelist-NEW-2018-Nov.pdf;https://www.adoreremo.co.uk/wp-content/uploads/2016/09/Winelist-NEW-2018-Nov.pdf;Adore Remo;WINE;0;20Nov2018
CHARDONNAY GARDA DOC S.CRISTINA;;;23;WHITE WINE;100% CHARDONNAY;Carafe;;Winelist-NEW-2018-Nov.pdf;https://www.adoreremo.co.uk/wp-content/uploads/2016/09/Winelist-NEW-2018-Nov.pdf;Adore Remo;WINE;0;20Nov2018
MARCHE BIANCO IGT MONCARO;;;21;WHITE WINE;TREBBIANO/VERDICCHIO;Bottle;;Winelist-NEW-2018-Nov.pdf;https://www.adoreremo.co.uk/wp-content/uploads/2016/09/Winelist-NEW-2018-Nov.pdf;Adore Remo;WINE;0;20Nov2018
PINOT GRIGIO GRAVE DEL FRIULI DOC 2016 PIGHIN;;;28;WHITE WINE;MONOVARIETAL PINOT GRIGIO;Bottle;;Winelist-NEW-2018-Nov.pdf;https://www.adoreremo.co.uk/wp-content/uploads/2016/09/Winelist-NEW-2018-Nov.pdf;Adore Remo;WINE;0;20Nov2018
REESLING INCROCIO MANZONI 6.0.13 VENETO IGT 2016 ;;;28;WHITE WINE;100% INCROCIO MANZONI;Bottle;;Winelist-NEW-2018-Nov.pdf;https://www.adoreremo.co.uk/wp-content/uploads/2016/09/Winelist-NEW-2018-Nov.pdf;Adore Remo;WINE;0;20Nov2018
VERDICCHIO DEI CASTELLI DI JESI CLASSICO;;;31;WHITE WINE;100% VERDICCHIO;Bottle;;Winelist-NEW-2018-Nov.pdf;https://www.adoreremo.co.uk/wp-content/uploads/2016/09/Winelist-NEW-2018-Nov.pdf;Adore Remo;WINE;0;20Nov2018
SAUVIGNON BLANC VALLE DI ISARCO;;;31;WHITE WINE;100% SAUVIGNON;Bottle;;Winelist-NEW-2018-Nov.pdf;https://www.adoreremo.co.uk/wp-content/uploads/2016/09/Winelist-NEW-2018-Nov.pdf;Adore Remo;WINE;0;20Nov2018
CHARDONNAY GARDA DOC S.CRISTINA;;;31;WHITE WINE;100% CHARDONNAY;Bottle;;Winelist-NEW-2018-Nov.pdf;https://www.adoreremo.co.uk/wp-content/uploads/2016/09/Winelist-NEW-2018-Nov.pdf;Adore Remo;WINE;0;20Nov2018
VERMENTINO DI GALLURA SUPERIORE “CUCAIONE”;;;34;WHITE WINE;100% VERMENTINO;Bottle;;Winelist-NEW-2018-Nov.pdf;https://www.adoreremo.co.uk/wp-content/uploads/2016/09/Winelist-NEW-2018-Nov.pdf;Adore Remo;WINE;0;20Nov2018
PINOT BIANCO ALTO ADIGE WEISSBURGUNDER;;;35;WHITE WINE;PINOT BIANCO/WEISSBURGUNDER;Bottle;;Winelist-NEW-2018-Nov.pdf;https://www.adoreremo.co.uk/wp-content/uploads/2016/09/Winelist-NEW-2018-Nov.pdf;Adore Remo;WINE;0;20Nov2018
GAVI DI GAVI “GRANEE” DOCG 2017 BENI DI BATASIOLO;;;39;WHITE WINE;100% CORTESE;Bottle;;Winelist-NEW-2018-Nov.pdf;https://www.adoreremo.co.uk/wp-content/uploads/2016/09/Winelist-NEW-2018-Nov.pdf;Adore Remo;WINE;0;20Nov2018
GRECO DI TUFO DOCG TENUTA DI ALTAVILLA VILLA MATILDE;;;45;WHITE WINE;100% GRECO;Bottle;;Winelist-NEW-2018-Nov.pdf;https://www.adoreremo.co.uk/wp-content/uploads/2016/09/Winelist-NEW-2018-Nov.pdf;Adore Remo;WINE;0;20Nov2018
LUGANA VIGNETO MASSONI DOC S.CRISTINA 2016;;;46;WHITE WINE;100% TREBBIANO DI LUGANA;Bottle;;Winelist-NEW-2018-Nov.pdf;https://www.adoreremo.co.uk/wp-content/uploads/2016/09/Winelist-NEW-2018-Nov.pdf;Adore Remo;WINE;0;20Nov2018
CHARDONNAY BLANC OLTREPO’ PAVESE DOP 2015;;;50;WHITE WINE;100% CHARDONNAY;Bottle;;Winelist-NEW-2018-Nov.pdf;https://www.adoreremo.co.uk/wp-content/uploads/2016/09/Winelist-NEW-2018-Nov.pdf;Adore Remo;WINE;0;20Nov2018
RIBOLLA GIALLA DOC COLLIO TENUTA STELLA;;;55;WHITE WINE;100% RIBOLLA GIALLA;Bottle;;Winelist-NEW-2018-Nov.pdf;https://www.adoreremo.co.uk/wp-content/uploads/2016/09/Winelist-NEW-2018-Nov.pdf;Adore Remo;WINE;0;20Nov2018
VIOGNIER MAREMMA TOSCANA BIANCO DOC 2015;;;65;WHITE WINE;90% VERMENTINO 10% VIOGNER;Bottle;;Winelist-NEW-2018-Nov.pdf;https://www.adoreremo.co.uk/wp-content/uploads/2016/09/Winelist-NEW-2018-Nov.pdf;Adore Remo;WINE;0;20Nov2018
SCAIA ROSATO TENUTA SANT’ANTONIO;;;6,3;ROSE WINE;;Glass;;Winelist-NEW-2018-Nov.pdf;https://www.adoreremo.co.uk/wp-content/uploads/2016/09/Winelist-NEW-2018-Nov.pdf;Adore Remo;WINE;0;20Nov2018
PINOT GRIGIO BLUSH “ANTICHELLO” 2017;;;7;ROSE WINE;;Glass;;Winelist-NEW-2018-Nov.pdf;https://www.adoreremo.co.uk/wp-content/uploads/2016/09/Winelist-NEW-2018-Nov.pdf;Adore Remo;WINE;0;20Nov2018
SCAIA ROSATO TENUTA SANT’ANTONIO;;;18;ROSE WINE;;Carafe;;Winelist-NEW-2018-Nov.pdf;https://www.adoreremo.co.uk/wp-content/uploads/2016/09/Winelist-NEW-2018-Nov.pdf;Adore Remo;WINE;0;20Nov2018
PINOT GRIGIO BLUSH “ANTICHELLO” 2017;;;20;ROSE WINE;;Carafe;;Winelist-NEW-2018-Nov.pdf;https://www.adoreremo.co.uk/wp-content/uploads/2016/09/Winelist-NEW-2018-Nov.pdf;Adore Remo;WINE;0;20Nov2018
SCAIA ROSATO TENUTA SANT’ANTONIO;;;24;ROSE WINE;;Bottle;;Winelist-NEW-2018-Nov.pdf;https://www.adoreremo.co.uk/wp-content/uploads/2016/09/Winelist-NEW-2018-Nov.pdf;Adore Remo;WINE;0;20Nov2018
PINOT GRIGIO BLUSH “ANTICHELLO” 2017;;;27;ROSE WINE;;Bottle;;Winelist-NEW-2018-Nov.pdf;https://www.adoreremo.co.uk/wp-content/uploads/2016/09/Winelist-NEW-2018-Nov.pdf;Adore Remo;WINE;0;20Nov2018
ROSACHIARA ROSATO LA SCOLCA;;;29;ROSE WINE;;Bottle;;Winelist-NEW-2018-Nov.pdf;https://www.adoreremo.co.uk/wp-content/uploads/2016/09/Winelist-NEW-2018-Nov.pdf;Adore Remo;WINE;0;20Nov2018
PROSECCO TREVISO BALBINOT BRUT DOC;;;5,5;Champagne and Sparkiling wine;100% GLERA FOR PROSECCO DOC;Glass;;Winelist-NEW-2018-Nov.pdf;https://www.adoreremo.co.uk/wp-content/uploads/2016/09/Winelist-NEW-2018-Nov.pdf;Adore Remo;WINE;0;20Nov2018
SPUMANTE ROSEO BRUT PROSECCO VSQ;;;6,5;Champagne and Sparkiling wine;MERLOT GRAPES GLERA FOR PROSECCO;Glass;;Winelist-NEW-2018-Nov.pdf;https://www.adoreremo.co.uk/wp-content/uploads/2016/09/Winelist-NEW-2018-Nov.pdf;Adore Remo;WINE;0;20Nov2018
PROSECCO TREVISO BALBINOT BRUT DOC;;;27;Champagne and Sparkiling wine;100% GLERA FOR PROSECCO DOC;Bottle;;Winelist-NEW-2018-Nov.pdf;https://www.adoreremo.co.uk/wp-content/uploads/2016/09/Winelist-NEW-2018-Nov.pdf;Adore Remo;WINE;0;20Nov2018
LA SCOLCA SPUMANTE BRUT;;;30;Champagne and Sparkiling wine;;Bottle;;Winelist-NEW-2018-Nov.pdf;https://www.adoreremo.co.uk/wp-content/uploads/2016/09/Winelist-NEW-2018-Nov.pdf;Adore Remo;WINE;0;20Nov2018
SPUMANTE ROSEO BRUT PROSECCO VSQ;;;35;Champagne and Sparkiling wine;MERLOT GRAPES GLERA FOR PROSECC;Bottle;;Winelist-NEW-2018-Nov.pdf;https://www.adoreremo.co.uk/wp-content/uploads/2016/09/Winelist-NEW-2018-Nov.pdf;Adore Remo;WINE;0;20Nov2018
TENUTA DELLE FARFALLE’ VSQ METODO CLASSICO;;;55;Champagne and Sparkiling wine;100% CHARDONNAY;Bottle;;Winelist-NEW-2018-Nov.pdf;https://www.adoreremo.co.uk/wp-content/uploads/2016/09/Winelist-NEW-2018-Nov.pdf;Adore Remo;WINE;0;20Nov2018
LAURENT PERRIER LA CUVEE;;;90;Champagne and Sparkiling wine;PINOT NOIR/PINOT MEUNER/CHARDONNAY;Bottle;;Winelist-NEW-2018-Nov.pdf;https://www.adoreremo.co.uk/wp-content/uploads/2016/09/Winelist-NEW-2018-Nov.pdf;Adore Remo;WINE;0;20Nov2018
VEUVE CLICQUOT BRUT;;;90;Champagne and Sparkiling wine;;Bottle;;Winelist-NEW-2018-Nov.pdf;https://www.adoreremo.co.uk/wp-content/uploads/2016/09/Winelist-NEW-2018-Nov.pdf;Adore Remo;WINE;0;20Nov2018
DOM PERIGNON;;;230;Champagne and Sparkiling wine;;Bottle;;Winelist-NEW-2018-Nov.pdf;https://www.adoreremo.co.uk/wp-content/uploads/2016/09/Winelist-NEW-2018-Nov.pdf;Adore Remo;WINE;0;20Nov2018
PERRIER JOUET BELLE EPOQUE;;;195;Champagne and Sparkiling wine;;Bottle;;Winelist-NEW-2018-Nov.pdf;https://www.adoreremo.co.uk/wp-content/uploads/2016/09/Winelist-NEW-2018-Nov.pdf;Adore Remo;WINE;0;20Nov2018
PERRIER JOUET BELLE EPOQUE ROSE’ 2014;;;340;Champagne and Sparkiling wine;;Bottle;;Winelist-NEW-2018-Nov.pdf;https://www.adoreremo.co.uk/wp-content/uploads/2016/09/Winelist-NEW-2018-Nov.pdf;Adore Remo;WINE;0;20Nov2018
FULL ITALIANO;2 eggs any style, bacon, italian sausage, beans, & mushrooms with choice of toasted bread or foccacia.;;12;OUR FAMOUS BREAKFAST;;;;New-IT-breakfast.pdf;https://www.adoreremo.co.uk/wp-content/uploads/2018/03/New-IT-breakfast.pdf;Adore Remo;BREAKFAST;0;20Nov2018
CAPRESE FOCCACIA;toasted foccacia with mozzarella & tomato;V;8;OUR FAMOUS BREAKFAST;;;;New-IT-breakfast.pdf;https://www.adoreremo.co.uk/wp-content/uploads/2018/03/New-IT-breakfast.pdf;Adore Remo;BREAKFAST;0;20Nov2018
TOASTED FOCCAIA WITH MELTED BURRATA;topped with ham, spicy salami, Parma ham;;9;OUR FAMOUS BREAKFAST;;;;New-IT-breakfast.pdf;https://www.adoreremo.co.uk/wp-content/uploads/2018/03/New-IT-breakfast.pdf;Adore Remo;BREAKFAST;0;20Nov2018
AVOCADO ON TOAST;with chilli & poached egg with choice of toast;V;8;OUR FAMOUS BREAKFAST;;;;New-IT-breakfast.pdf;https://www.adoreremo.co.uk/wp-content/uploads/2018/03/New-IT-breakfast.pdf;Adore Remo;BREAKFAST;0;20Nov2018
EGGS CARBONARA;2 poached eggs served on toast with pancetta & creamy carbonara sauce;;8;OUR FAMOUS BREAKFAST;;;;New-IT-breakfast.pdf;https://www.adoreremo.co.uk/wp-content/uploads/2018/03/New-IT-breakfast.pdf;Adore Remo;BREAKFAST;0;20Nov2018
SALMONE & UOVA;Scrambled eggs with smoked salmon & blistered tomatoes served on choice of toast;;9;OUR FAMOUS BREAKFAST;;;;New-IT-breakfast.pdf;https://www.adoreremo.co.uk/wp-content/uploads/2018/03/New-IT-breakfast.pdf;Adore Remo;BREAKFAST;0;20Nov2018
AVOCADO & BUFFALO;toast or foccacia with avocado & melted buffalo mozzarella ;V;8;OUR FAMOUS BREAKFAST;;;;New-IT-breakfast.pdf;https://www.adoreremo.co.uk/wp-content/uploads/2018/03/New-IT-breakfast.pdf;Adore Remo;BREAKFAST;0;20Nov2018
STEAK SANDWICH ITALIANO;sirloin steak on foccacia or toasted bread with caramlised onion, rocket & mayo;;12;OUR FAMOUS BREAKFAST;;;;New-IT-breakfast.pdf;https://www.adoreremo.co.uk/wp-content/uploads/2018/03/New-IT-breakfast.pdf;Adore Remo;BREAKFAST;0;20Nov2018
TOAST BOARD;Toasted bread & foccaia served with butter, homemade jams & marmalades;V;6;OUR FAMOUS BREAKFAST;;;;New-IT-breakfast.pdf;https://www.adoreremo.co.uk/wp-content/uploads/2018/03/New-IT-breakfast.pdf;Adore Remo;BREAKFAST;0;20Nov2018
FRITTATA OF THE DAY;Italian style omelette;;9;OUR FAMOUS BREAKFAST;;;;New-IT-breakfast.pdf;https://www.adoreremo.co.uk/wp-content/uploads/2018/03/New-IT-breakfast.pdf;Adore Remo;BREAKFAST;0;20Nov2018
YOGURT, BERRIES & GRANOLA;Natural yogurt, berries and granola;V;6;OUR FAMOUS BREAKFAST;;;;New-IT-breakfast.pdf;https://www.adoreremo.co.uk/wp-content/uploads/2018/03/New-IT-breakfast.pdf;Adore Remo;BREAKFAST;0;20Nov2018
PASTRIES;Mini croissant, pain au chocolat, pain au raisin or almond crossiant;V;3;OUR FAMOUS BREAKFAST;;;;New-IT-breakfast.pdf;https://www.adoreremo.co.uk/wp-content/uploads/2018/03/New-IT-breakfast.pdf;Adore Remo;BREAKFAST;0;20Nov2018
ESPRESSO;;;2,2;DRINKS;;;;New-IT-breakfast.pdf;https://www.adoreremo.co.uk/wp-content/uploads/2018/03/New-IT-breakfast.pdf;Adore Remo;BREAKFAST;0;20Nov2018
DOUBLE ESPRESSO;;;2,7;DRINKS;;;;New-IT-breakfast.pdf;https://www.adoreremo.co.uk/wp-content/uploads/2018/03/New-IT-breakfast.pdf;Adore Remo;BREAKFAST;0;20Nov2018
AMERICANO;;;2,5;DRINKS;;;;New-IT-breakfast.pdf;https://www.adoreremo.co.uk/wp-content/uploads/2018/03/New-IT-breakfast.pdf;Adore Remo;BREAKFAST;0;20Nov2018
CAPPUCCINO;;;3;DRINKS;;;;New-IT-breakfast.pdf;https://www.adoreremo.co.uk/wp-content/uploads/2018/03/New-IT-breakfast.pdf;Adore Remo;BREAKFAST;0;20Nov2018
FLAT WHITE;;;3;DRINKS;;;;New-IT-breakfast.pdf;https://www.adoreremo.co.uk/wp-content/uploads/2018/03/New-IT-breakfast.pdf;Adore Remo;BREAKFAST;0;20Nov2018
MOCHA;;;3;DRINKS;;;;New-IT-breakfast.pdf;https://www.adoreremo.co.uk/wp-content/uploads/2018/03/New-IT-breakfast.pdf;Adore Remo;BREAKFAST;0;20Nov2018
LATTE;;;3;DRINKS;;;;New-IT-breakfast.pdf;https://www.adoreremo.co.uk/wp-content/uploads/2018/03/New-IT-breakfast.pdf;Adore Remo;BREAKFAST;0;20Nov2018
CIOCCOLATA;;;3;DRINKS;;;;New-IT-breakfast.pdf;https://www.adoreremo.co.uk/wp-content/uploads/2018/03/New-IT-breakfast.pdf;Adore Remo;BREAKFAST;0;20Nov2018
TEA;English b’fast, Earl Grey, peppermint,  fresh mint, camomile, lemon & ginger,  berries, chay latte, green tea, darjeeling, jasmin;;2,5;DRINKS;;;;New-IT-breakfast.pdf;https://www.adoreremo.co.uk/wp-content/uploads/2018/03/New-IT-breakfast.pdf;Adore Remo;BREAKFAST;0;20Nov2018
JUICE;fresh orange, apple, cranberry, peach, pear, pineapple;;3;DRINKS;;;;New-IT-breakfast.pdf;https://www.adoreremo.co.uk/wp-content/uploads/2018/03/New-IT-breakfast.pdf;Adore Remo;BREAKFAST;0;20Nov2018
BLOODY MARY;;;8,5;DRINKS;;;;New-IT-breakfast.pdf;https://www.adoreremo.co.uk/wp-content/uploads/2018/03/New-IT-breakfast.pdf;Adore Remo;BREAKFAST;0;20Nov2018
